"isqno","atp_number","start_time_min","start_time_max","end_time_min","end_time_max","duration_max","duration_min","duration_only"
1,1,"1600-07-02T14:30:00","1600-07-02T14:30:00","1600-07-02T19:30:00","1600-07-02T19:30:00",300,300,0
2,1,"1620-11-08T12:00:00","1620-11-08T12:00:00","1620-11-08T13:00:00","1620-11-08T13:00:00",60,60,0
3,1,"1622-05-06T03:30:00","1622-05-06T03:30:00","1622-05-06T10:00:00","1622-05-06T10:00:00",390,390,0
3,2,"1622-05-06T14:00:00","1622-05-06T14:00:00","1622-05-06T19:00:00","1622-05-06T19:00:00",300,300,0
4,1,"1626-04-25T00:00:00","1626-04-26T00:00:00","1626-04-25T00:00:00","1626-04-26T00:00:00",1440,0,0
5,1,"1626-08-27T00:00:00","1626-08-28T00:00:00","1626-08-27T00:00:00","1626-08-28T00:00:00",1440,0,0
6,1,"1631-09-17T14:30:00","1631-09-17T14:30:00","1631-09-17T18:30:00","1631-09-17T18:30:00",240,240,0
7,1,"1632-04-15T00:00:00","1632-04-16T00:00:00","1632-04-16T00:00:00","1632-04-17T00:00:00",2880,0,0
8,1,"1632-09-03T10:00:00","1632-09-03T10:00:00","1632-09-03T20:00:00","1632-09-03T20:00:00",600,600,0
8,2,"1632-09-04T10:00:00","1632-09-04T10:00:00","1632-09-04T11:00:00","1632-09-04T11:00:00",60,60,0
9,1,"1632-11-16T11:00:00","1632-11-16T11:00:00","1632-11-16T20:00:00","1632-11-16T20:00:00",540,540,0
10,1,"1634-09-06T05:30:00","1634-09-06T05:30:00","1634-09-06T12:30:00","1634-09-06T12:30:00",420,420,0
11,1,"1636-10-04T00:00:00","1636-10-05T00:00:00","1636-10-04T00:00:00","1636-10-05T00:00:00",1440,0,0
12,1,"1642-11-02T07:00:00","1642-11-02T07:00:00","1642-11-02T10:00:00","1642-11-02T10:00:00",180,180,0
13,1,"1643-05-19T03:30:00","1643-05-19T03:30:00","1643-05-19T10:00:00","1643-05-19T10:00:00",390,390,0
14,1,"1643-11-24T00:00:00","1643-11-25T00:00:00","1643-11-24T00:00:00","1643-11-25T00:00:00",1440,0,0
15,1,"1644-08-03T17:00:00","1644-08-03T17:00:00","1644-08-03T23:00:00","1644-08-03T23:00:00",360,360,0
15,2,"1644-08-05T08:30:00","1644-08-05T08:30:00","1644-08-05T10:00:00","1644-08-05T10:00:00",90,90,0
15,3,"1644-08-05T15:00:00","1644-08-05T15:00:00","1644-08-05T17:00:00","1644-08-05T17:00:00",120,120,0
15,4,"1644-08-09T00:00:00","1644-08-10T00:00:00","1644-08-09T00:00:00","1644-08-10T00:00:00",120,120,1
16,1,"1645-03-06T00:00:00","1645-03-07T00:00:00","1645-03-06T00:00:00","1645-03-07T00:00:00",1440,0,0
17,1,"1645-05-02T00:00:00","1645-05-03T00:00:00","1645-05-02T00:00:00","1645-05-03T00:00:00",1440,0,0
18,1,"1645-08-03T17:00:00","1645-08-03T17:00:00","1645-08-03T20:00:00","1645-08-03T20:00:00",180,180,0
19,1,"1648-08-10T05:00:00","1648-08-10T05:00:00","1648-08-10T05:30:00","1648-08-10T05:30:00",30,30,0
19,2,"1648-08-10T08:30:00","1648-08-10T08:30:00","1648-08-10T11:00:00","1648-08-10T11:00:00",150,150,0
20,1,"1642-10-23T15:00:00","1642-10-23T15:00:00","1642-10-23T18:00:00","1642-10-23T18:00:00",180,180,0
21,1,"1644-07-02T19:00:00","1644-07-02T19:00:00","1644-07-02T22:00:00","1644-07-02T22:00:00",180,180,0
22,1,"1644-09-01T00:00:00","1644-09-02T00:00:00","1644-09-01T00:00:00","1644-09-02T00:00:00",1440,0,0
23,1,"1644-08-15T00:00:00","1644-08-16T00:00:00","1644-08-15T00:00:00","1644-08-16T00:00:00",1440,0,0
24,1,"1644-10-27T06:00:00","1644-10-27T06:00:00","1644-10-27T08:00:00","1644-10-27T08:00:00",120,120,0
24,2,"1644-10-27T15:00:00","1644-10-27T15:00:00","1644-10-27T17:00:00","1644-10-27T17:00:00",120,120,0
25,1,"1645-06-14T10:00:00","1645-06-14T10:00:00","1645-06-14T13:00:00","1645-06-14T13:00:00",180,180,0
26,1,"1648-08-17T00:00:00","1648-08-18T00:00:00","1648-08-18T00:00:00","1648-08-19T00:00:00",2880,0,0
27,1,"1650-09-03T04:00:00","1650-09-03T04:00:00","1650-09-03T06:00:00","1650-09-03T06:00:00",120,120,0
28,1,"1651-09-03T14:30:00","1651-09-03T14:30:00","1651-09-03T18:00:00","1651-09-03T18:00:00",210,210,0
29,1,"1652-07-05T08:00:00","1652-07-05T08:00:00","1652-07-05T14:00:00","1652-07-05T14:00:00",360,360,0
30,1,"1658-06-14T08:00:00","1658-06-14T08:00:00","1658-06-14T12:00:00","1658-06-14T12:00:00",240,240,0
31,1,"1664-08-01T06:00:00","1664-08-01T06:00:00","1664-08-01T14:00:00","1664-08-01T14:00:00",480,480,0
32,1,"1683-09-12T05:30:00","1683-09-12T05:30:00","1683-09-12T18:00:00","1683-09-12T18:00:00",750,750,0
33,1,"1673-11-11T00:00:00","1673-11-12T00:00:00","1673-11-11T00:00:00","1673-11-12T00:00:00",1440,0,0
34,1,"1674-06-16T00:00:00","1674-06-17T00:00:00","1674-06-16T00:00:00","1674-06-17T00:00:00",180,180,1
35,1,"1674-08-11T10:00:00","1674-08-11T10:00:00","1674-08-12T00:00:00","1674-08-12T00:00:00",840,840,0
36,1,"1674-10-04T00:00:00","1674-10-05T00:00:00","1674-10-04T00:00:00","1674-10-05T00:00:00",420,420,1
37,1,"1675-01-05T00:00:00","1675-01-06T00:00:00","1675-01-05T00:00:00","1675-01-06T00:00:00",1440,0,0
38,1,"1675-06-28T08:00:00","1675-06-28T08:00:00","1675-06-28T10:00:00","1675-06-28T10:00:00",120,120,0
39,1,"1685-07-06T03:00:00","1685-07-06T03:00:00","1685-07-06T05:00:00","1685-07-06T05:00:00",120,120,0
40,1,"1689-07-27T19:45:00","1689-07-27T19:45:00","1689-07-27T21:00:00","1689-07-27T21:00:00",75,75,0
41,1,"1689-08-25T09:00:00","1689-08-25T09:00:00","1689-08-25T18:30:00","1689-08-25T18:30:00",570,570,0
42,1,"1690-07-01T00:00:00","1690-07-02T00:00:00","1690-07-01T00:00:00","1690-07-02T00:00:00",1440,0,0
43,1,"1690-07-11T11:00:00","1690-07-11T11:00:00","1690-07-11T14:00:00","1690-07-11T14:00:00",180,180,0
44,1,"1691-07-22T14:00:00","1691-07-22T14:00:00","1691-07-22T20:00:00","1691-07-22T20:00:00",360,360,0
45,1,"1692-08-03T12:00:00","1692-08-03T12:00:00","1692-08-03T19:00:00","1692-08-03T19:00:00",420,420,0
46,1,"1693-07-29T04:00:00","1693-07-29T04:00:00","1693-07-29T15:00:00","1693-07-29T15:00:00",660,660,0
47,1,"1693-10-04T00:00:00","1693-10-05T00:00:00","1693-10-04T00:00:00","1693-10-05T00:00:00",270,270,1
48,1,"1697-09-11T15:00:00","1697-09-11T15:00:00","1697-09-11T19:30:00","1697-09-11T19:30:00",270,270,0
49,1,"1709-06-28T00:00:00","1709-06-29T00:00:00","1709-06-28T00:00:00","1709-06-29T00:00:00",1440,0,0
50,1,"1704-08-13T12:30:00","1704-08-13T12:30:00","1704-08-13T21:00:00","1704-08-13T21:00:00",510,510,0
51,1,"1706-05-23T13:00:00","1706-05-23T13:00:00","1706-05-23T19:00:00","1706-05-23T19:00:00",360,360,0
52,1,"1708-07-11T15:00:00","1708-07-11T15:00:00","1708-07-11T21:00:00","1708-07-11T21:00:00",360,360,0
53,1,"1709-09-11T08:00:00","1709-09-11T08:00:00","1709-09-11T15:00:00","1709-09-11T15:00:00",420,420,0
54,1,"1716-08-05T07:00:00","1716-08-05T07:00:00","1716-08-05T12:00:00","1716-08-05T12:00:00",300,300,0
55,1,"1741-04-10T12:00:00","1741-04-10T12:00:00","1741-04-10T18:45:00","1741-04-10T18:45:00",405,405,0
56,1,"1742-05-17T08:00:00","1742-05-17T08:00:00","1742-05-17T12:00:00","1742-05-17T12:00:00",240,240,0
57,1,"1743-06-27T00:00:00","1743-06-28T00:00:00","1743-06-27T00:00:00","1743-06-28T00:00:00",1440,0,0
58,1,"1745-05-11T05:00:00","1745-05-11T05:00:00","1745-05-11T13:00:00","1745-05-11T13:00:00",480,480,0
59,1,"1745-06-04T04:00:00","1745-06-04T04:00:00","1745-06-04T11:00:00","1745-06-04T11:00:00",420,420,0
60,1,"1745-09-30T07:00:00","1745-09-30T07:00:00","1745-09-30T11:00:00","1745-09-30T11:00:00",240,240,0
61,1,"1745-12-14T14:00:00","1745-12-14T14:00:00","1745-12-14T17:00:00","1745-12-14T17:00:00",180,180,0
62,1,"1745-09-21T04:30:00","1745-09-21T04:30:00","1745-09-21T04:40:00","1745-09-21T04:40:00",10,10,0
63,1,"1746-04-16T13:10:00","1746-04-16T13:10:00","1746-04-16T13:50:00","1746-04-16T13:50:00",40,40,0
64,1,"1756-10-01T11:00:00","1756-10-01T11:00:00","1756-10-01T15:00:00","1756-10-01T15:00:00",240,240,0
65,1,"1757-05-06T11:00:00","1757-05-06T11:00:00","1757-05-06T15:00:00","1757-05-06T15:00:00",240,240,0
66,1,"1757-06-23T08:00:00","1757-06-23T08:00:00","1757-06-23T17:00:00","1757-06-23T17:00:00",540,540,0
67,1,"1757-06-18T14:00:00","1757-06-18T14:00:00","1757-06-18T21:00:00","1757-06-18T21:00:00",420,420,0
68,1,"1757-07-26T09:00:00","1757-07-26T09:00:00","1757-07-26T16:00:00","1757-07-26T16:00:00",420,420,0
69,1,"1757-11-05T15:30:00","1757-11-05T15:30:00","1757-11-05T17:00:00","1757-11-05T17:00:00",90,90,0
70,1,"1757-12-05T13:00:00","1757-12-05T13:00:00","1757-12-05T16:00:00","1757-12-05T16:00:00",180,180,0
71,1,"1758-06-23T13:00:00","1758-06-23T13:00:00","1758-06-23T18:00:00","1758-06-23T18:00:00",300,300,0
72,1,"1758-08-25T10:00:00","1758-08-25T10:00:00","1758-08-25T19:30:00","1758-08-25T19:30:00",570,570,0
73,1,"1758-10-14T05:00:00","1758-10-14T05:00:00","1758-10-14T08:00:00","1758-10-14T08:00:00",180,180,0
74,1,"1759-04-13T00:00:00","1759-04-14T00:00:00","1759-04-13T00:00:00","1759-04-14T00:00:00",1440,0,0
75,1,"1759-08-01T06:00:00","1759-08-01T06:00:00","1759-08-01T11:00:00","1759-08-01T11:00:00",300,300,0
76,1,"1759-08-12T11:30:00","1759-08-12T11:30:00","1759-08-12T17:30:00","1759-08-12T17:30:00",360,360,0
77,1,"1759-09-13T10:00:00","1759-09-13T10:00:00","1759-09-13T10:15:00","1759-09-13T10:15:00",15,15,0
78,1,"1759-11-20T11:00:00","1759-11-20T11:00:00","1759-11-20T17:30:00","1759-11-20T17:30:00",390,390,0
79,1,"1760-07-31T00:00:00","1760-08-01T00:00:00","1760-07-31T00:00:00","1760-08-01T00:00:00",1440,0,0
80,1,"1760-08-15T05:00:00","1760-08-15T05:00:00","1760-08-15T07:00:00","1760-08-15T07:00:00",120,120,0
81,1,"1760-11-03T14:00:00","1760-11-03T14:00:00","1760-11-03T22:00:00","1760-11-03T22:00:00",480,480,0
82,1,"1775-06-17T15:00:00","1775-06-17T15:00:00","1775-06-17T19:00:00","1775-06-17T19:00:00",240,240,0
83,1,"1776-01-01T04:00:00","1776-01-01T04:00:00","1776-01-01T09:00:00","1776-01-01T09:00:00",300,300,0
84,1,"1776-10-28T08:00:00","1776-10-28T08:00:00","1776-10-28T17:00:00","1776-10-28T17:00:00",540,540,0
85,1,"1776-12-26T08:00:00","1776-12-26T08:00:00","1776-12-26T09:30:00","1776-12-26T09:30:00",90,90,0
86,1,"1777-01-03T08:00:00","1777-01-03T08:00:00","1777-01-03T08:15:00","1777-01-03T08:15:00",15,15,0
87,1,"1777-09-19T12:45:00","1777-09-19T12:45:00","1777-09-19T19:15:00","1777-09-19T19:15:00",390,390,0
88,1,"1777-10-04T06:00:00","1777-10-04T06:00:00","1777-10-04T10:00:00","1777-10-04T10:00:00",240,240,0
89,1,"1777-10-07T14:30:00","1777-10-07T14:30:00","1777-10-07T15:22:00","1777-10-07T15:22:00",52,52,0
90,1,"1778-06-28T10:00:00","1778-06-28T10:00:00","1778-06-28T17:00:00","1778-06-28T17:00:00",420,420,0
91,1,"1780-08-16T02:00:00","1780-08-16T02:00:00","1780-08-16T02:20:00","1780-08-16T02:20:00",20,20,0
91,2,"1780-08-16T04:30:00","1780-08-16T04:30:00","1780-08-16T13:00:00","1780-08-16T13:00:00",510,510,0
92,1,"1781-01-17T07:00:00","1781-01-17T07:00:00","1781-01-17T08:00:00","1781-01-17T08:00:00",60,60,0
93,1,"1781-03-15T13:30:00","1781-03-15T13:30:00","1781-03-15T15:30:00","1781-03-15T15:30:00",120,120,0
94,1,"1781-04-25T10:00:00","1781-04-25T10:00:00","1781-04-25T16:00:00","1781-04-25T16:00:00",360,360,0
95,1,"1781-09-08T09:05:00","1781-09-08T09:05:00","1781-09-08T13:00:00","1781-09-08T13:00:00",235,235,0
96,1,"1792-09-20T12:10:00","1792-09-20T12:10:00","1792-09-20T17:00:00","1792-09-20T17:00:00",290,290,0
97,1,"1792-11-06T00:00:00","1792-11-07T00:00:00","1792-11-06T00:00:00","1792-11-07T00:00:00",1440,0,0
98,1,"1793-03-18T00:00:00","1793-03-19T00:00:00","1793-03-18T00:00:00","1793-03-19T00:00:00",1440,0,0
99,1,"1793-09-06T00:00:00","1793-09-07T00:00:00","1793-09-06T00:00:00","1793-09-07T00:00:00",1440,0,0
100,1,"1793-10-15T00:00:00","1793-10-16T00:00:00","1793-10-16T00:00:00","1793-10-17T00:00:00",2880,0,0
101,1,"1794-06-26T04:00:00","1794-06-26T04:00:00","1794-06-26T10:00:00","1794-06-26T10:00:00",360,360,0
102,1,"1796-05-10T18:30:00","1796-05-10T18:30:00","1796-05-10T20:00:00","1796-05-10T20:00:00",90,90,0
103,1,"1796-08-05T00:00:00","1796-08-06T00:00:00","1796-08-05T00:00:00","1796-08-06T00:00:00",1440,0,0
104,1,"1796-08-11T00:00:00","1796-08-12T00:00:00","1796-08-11T00:00:00","1796-08-12T00:00:00",1440,0,0
105,1,"1796-09-03T09:00:00","1796-09-03T09:00:00","1796-09-03T19:20:00","1796-09-03T19:20:00",620,620,0
106,1,"1796-11-15T00:00:00","1796-11-16T00:00:00","1796-11-17T00:00:00","1796-11-18T00:00:00",4320,1440,0
107,1,"1797-01-14T00:00:00","1797-01-15T00:00:00","1797-01-15T00:00:00","1797-01-16T00:00:00",2880,0,0
108,1,"1798-07-21T15:30:00","1798-07-21T15:30:00","1798-07-21T16:30:00","1798-07-21T16:30:00",60,60,0
109,1,"1799-03-25T05:00:00","1799-03-25T05:00:00","1799-03-25T20:00:00","1799-03-25T20:00:00",900,900,0
110,1,"1799-04-16T06:30:00","1799-04-16T06:30:00","1799-04-16T16:30:00","1799-04-16T16:30:00",600,600,0
111,1,"1799-06-04T00:00:00","1799-06-05T00:00:00","1799-06-04T00:00:00","1799-06-05T00:00:00",1440,0,0
112,1,"1799-08-15T03:00:00","1799-08-15T03:00:00","1799-08-15T13:00:00","1799-08-15T13:00:00",600,600,0
112,2,"1799-08-15T16:00:00","1799-08-15T16:00:00","1799-08-15T20:00:00","1799-08-15T20:00:00",240,240,0
113,1,"1799-09-24T00:00:00","1799-09-25T00:00:00","1799-09-25T00:00:00","1799-09-26T00:00:00",2880,0,0
114,1,"1800-05-05T00:00:00","1800-05-06T00:00:00","1800-05-05T00:00:00","1800-05-06T00:00:00",1440,0,0
115,1,"1800-06-14T09:00:00","1800-06-14T09:00:00","1800-06-14T12:00:00","1800-06-14T12:00:00",180,180,0
115,2,"1800-06-14T13:00:00","1800-06-14T13:00:00","1800-06-14T21:00:00","1800-06-14T21:00:00",480,480,0
116,1,"1800-12-03T08:00:00","1800-12-03T08:00:00","1800-12-03T17:30:00","1800-12-03T17:30:00",570,570,0
117,1,"1805-12-02T08:00:00","1805-12-02T08:00:00","1805-12-02T17:00:00","1805-12-02T17:00:00",540,540,0
118,1,"1806-10-14T06:00:00","1806-10-14T06:00:00","1806-10-14T15:15:00","1806-10-14T15:15:00",555,555,0
119,1,"1806-10-14T08:00:00","1806-10-14T08:00:00","1806-10-14T16:00:00","1806-10-14T16:00:00",480,480,0
120,1,"1807-02-08T08:00:00","1807-02-08T08:00:00","1807-02-08T22:00:00","1807-02-08T22:00:00",840,840,0
121,1,"1807-06-14T17:30:00","1807-06-14T17:30:00","1807-06-14T23:00:00","1807-06-14T23:00:00",330,330,0
122,1,"1808-08-21T10:00:00","1808-08-21T10:00:00","1808-08-21T19:30:00","1808-08-21T19:30:00",570,570,0
123,1,"1809-01-16T14:00:00","1809-01-16T14:00:00","1809-01-16T18:00:00","1809-01-16T18:00:00",240,240,0
124,1,"1809-04-22T13:30:00","1809-04-22T13:30:00","1809-04-22T19:30:00","1809-04-22T19:30:00",360,360,0
125,1,"1809-05-21T13:00:00","1809-05-21T13:00:00","1809-05-21T20:30:00","1809-05-21T20:30:00",450,450,0
125,2,"1809-05-22T05:00:00","1809-05-22T05:00:00","1809-05-22T08:00:00","1809-05-22T08:00:00",180,180,0
125,3,"1809-05-22T10:00:00","1809-05-22T10:00:00","1809-05-22T15:00:00","1809-05-22T15:00:00",300,300,0
126,1,"1809-06-14T14:00:00","1809-06-14T14:00:00","1809-06-14T17:00:00","1809-06-14T17:00:00",180,180,0
127,1,"1809-07-05T19:00:00","1809-07-05T19:00:00","1809-07-05T20:30:00","1809-07-05T20:30:00",90,90,0
127,2,"1809-07-06T04:00:00","1809-07-06T04:00:00","1809-07-06T14:00:00","1809-07-06T14:00:00",600,600,0
128,1,"1809-07-28T05:00:00","1809-07-28T05:00:00","1809-07-28T05:40:00","1809-07-28T05:40:00",40,40,0
128,2,"1809-07-28T13:30:00","1809-07-28T13:30:00","1809-07-28T18:00:00","1809-07-28T18:00:00",270,270,0
129,1,"1810-09-27T05:45:00","1810-09-27T05:45:00","1810-09-27T14:00:00","1810-09-27T14:00:00",495,495,0
130,1,"1811-05-05T07:00:00","1811-05-05T07:00:00","1811-05-05T14:00:00","1811-05-05T14:00:00",420,420,0
131,1,"1811-05-16T09:00:00","1811-05-16T09:00:00","1811-05-16T14:50:00","1811-05-16T14:50:00",350,350,0
132,1,"1812-07-22T17:00:00","1812-07-22T17:00:00","1812-07-22T20:45:00","1812-07-22T20:45:00",225,225,0
133,1,"1813-06-21T08:30:00","1813-06-21T08:30:00","1813-06-21T19:30:00","1813-06-21T19:30:00",660,660,0
134,1,"1812-09-07T06:00:00","1812-09-07T06:00:00","1812-09-07T18:00:00","1812-09-07T18:00:00",720,720,0
135,1,"1813-05-02T11:45:00","1813-05-02T11:45:00","1813-05-02T21:00:00","1813-05-02T21:00:00",555,555,0
136,1,"1813-05-20T15:00:00","1813-05-20T15:00:00","1813-05-20T20:00:00","1813-05-20T20:00:00",300,300,0
136,2,"1813-05-21T05:00:00","1813-05-21T05:00:00","1813-05-21T17:00:00","1813-05-21T17:00:00",720,720,0
137,1,"1813-08-26T05:00:00","1813-08-26T05:00:00","1813-08-26T11:00:00","1813-08-26T11:00:00",360,360,0
137,2,"1813-08-26T14:00:00","1813-08-26T14:00:00","1813-08-26T20:00:00","1813-08-26T20:00:00",360,360,0
137,3,"1813-08-27T06:00:00","1813-08-27T06:00:00","1813-08-27T16:00:00","1813-08-27T16:00:00",600,600,0
138,1,"1813-10-16T08:30:00","1813-10-16T08:30:00","1813-10-16T18:30:00","1813-10-16T18:30:00",600,600,0
138,2,"1813-10-18T09:00:00","1813-10-18T09:00:00","1813-10-18T18:30:00","1813-10-18T18:30:00",570,570,0
138,3,"1813-10-19T10:00:00","1813-10-19T10:00:00","1813-10-19T14:00:00","1813-10-19T14:00:00",240,240,0
139,1,"1813-10-30T09:00:00","1813-10-30T09:00:00","1813-10-30T17:30:00","1813-10-30T17:30:00",510,510,0
139,2,"1813-10-31T07:00:00","1813-10-31T07:00:00","1813-10-31T11:00:00","1813-10-31T11:00:00",240,240,0
140,1,"1814-02-01T13:00:00","1814-02-01T13:00:00","1814-02-01T20:00:00","1814-02-01T20:00:00",420,420,0
141,1,"1814-03-09T06:00:00","1814-03-09T06:00:00","1814-03-09T17:00:00","1814-03-09T17:00:00",660,660,0
141,2,"1814-03-09T19:00:00","1814-03-09T19:00:00","1814-03-09T22:00:00","1814-03-09T22:00:00",180,180,0
141,3,"1814-03-10T06:00:00","1814-03-10T06:00:00","1814-03-10T17:00:00","1814-03-10T17:00:00",660,660,0
142,1,"1814-03-20T14:00:00","1814-03-20T14:00:00","1814-03-20T19:30:00","1814-03-20T19:30:00",330,330,0
142,2,"1814-03-21T15:00:00","1814-03-21T15:00:00","1814-03-21T18:00:00","1814-03-21T18:00:00",180,180,0
143,1,"1815-06-16T14:00:00","1815-06-16T14:00:00","1815-06-16T21:30:00","1815-06-16T21:30:00",450,450,0
144,1,"1815-06-16T14:30:00","1815-06-16T14:30:00","1815-06-16T21:30:00","1815-06-16T21:30:00",420,420,0
145,1,"1815-06-18T11:30:00","1815-06-18T11:30:00","1815-06-18T21:30:00","1815-06-18T21:30:00",600,600,0
146,1,"1813-10-05T14:00:00","1813-10-05T14:00:00","1813-10-05T14:10:00","1813-10-05T14:10:00",10,10,0
147,1,"1814-07-05T17:00:00","1814-07-05T17:00:00","1814-07-05T18:00:00","1814-07-05T18:00:00",60,60,0
148,1,"1814-07-25T18:00:00","1814-07-25T18:00:00","1814-07-26T00:00:00","1814-07-26T00:00:00",360,360,0
149,1,"1815-01-08T06:00:00","1815-01-08T06:00:00","1815-01-08T06:45:00","1815-01-08T06:45:00",45,45,0
150,1,"1819-08-07T00:00:00","1819-08-08T00:00:00","1819-08-07T00:00:00","1819-08-08T00:00:00",1440,0,0
151,1,"1821-06-25T00:00:00","1821-06-26T00:00:00","1821-06-25T00:00:00","1821-06-26T00:00:00",1440,0,0
152,1,"1822-04-07T00:00:00","1822-04-08T00:00:00","1822-04-07T00:00:00","1822-04-08T00:00:00",1440,0,0
153,1,"1822-05-24T09:00:00","1822-05-24T09:00:00","1822-05-24T12:00:00","1822-05-24T12:00:00",180,180,0
154,1,"1824-08-06T00:00:00","1824-08-07T00:00:00","1824-08-06T00:00:00","1824-08-07T00:00:00",1440,0,0
155,1,"1824-12-09T09:00:00","1824-12-09T09:00:00","1824-12-09T19:00:00","1824-12-09T19:00:00",600,600,0
156,1,"1836-04-21T16:30:00","1836-04-21T16:30:00","1836-04-21T16:48:00","1836-04-21T16:48:00",18,18,0
157,1,"1846-05-08T14:30:00","1846-05-08T14:30:00","1846-05-08T19:30:00","1846-05-08T19:30:00",300,300,0
158,1,"1846-05-09T16:00:00","1846-05-09T16:00:00","1846-05-09T17:30:00","1846-05-09T17:30:00",90,90,0
159,1,"1847-02-22T15:00:00","1847-02-22T15:00:00","1847-02-22T18:45:00","1847-02-22T18:45:00",225,225,0
159,2,"1847-02-23T06:00:00","1847-02-23T06:00:00","1847-02-23T18:45:00","1847-02-23T18:45:00",765,765,0
160,1,"1847-04-17T12:00:00","1847-04-17T12:00:00","1847-04-17T19:00:00","1847-04-17T19:00:00",420,420,0
160,2,"1847-04-18T07:00:00","1847-04-18T07:00:00","1847-04-18T12:00:00","1847-04-18T12:00:00",300,300,0
161,1,"1847-08-20T05:45:00","1847-08-20T05:45:00","1847-08-20T06:02:00","1847-08-20T06:02:00",17,17,0
162,1,"1847-08-20T08:00:00","1847-08-20T08:00:00","1847-08-20T08:30:00","1847-08-20T08:30:00",30,30,0
162,2,"1847-08-20T12:30:00","1847-08-20T12:30:00","1847-08-20T15:30:00","1847-08-20T15:30:00",180,180,0
163,1,"1847-09-08T05:00:00","1847-09-08T05:00:00","1847-09-08T07:00:00","1847-09-08T07:00:00",120,120,0
164,1,"1847-09-13T05:50:00","1847-09-13T05:50:00","1847-09-13T18:50:00","1847-09-13T18:50:00",780,780,0
165,1,"1854-09-20T14:30:00","1854-09-20T14:30:00","1854-09-20T17:30:00","1854-09-20T17:30:00",180,180,0
166,1,"1854-11-05T05:45:00","1854-11-05T05:45:00","1854-11-05T13:00:00","1854-11-05T13:00:00",435,435,0
167,1,"1859-06-04T10:30:00","1859-06-04T10:30:00","1859-06-04T19:30:00","1859-06-04T19:30:00",540,540,0
168,1,"1859-06-24T07:00:00","1859-06-24T07:00:00","1859-06-24T18:30:00","1859-06-24T18:30:00",690,690,0
169,1,"1866-07-03T09:00:00","1866-07-03T09:00:00","1866-07-03T17:00:00","1866-07-03T17:00:00",480,480,0
170,1,"1866-06-24T08:00:00","1866-06-24T08:00:00","1866-06-24T17:00:00","1866-06-24T17:00:00",540,540,0
171,1,"1861-07-21T09:00:00","1861-07-21T09:00:00","1861-07-21T16:00:00","1861-07-21T16:00:00",420,420,0
172,1,"1861-08-10T05:30:00","1861-08-10T05:30:00","1861-08-10T11:30:00","1861-08-10T11:30:00",360,360,0
173,1,"1861-11-07T10:30:00","1861-11-07T10:30:00","1861-11-07T16:50:00","1861-11-07T16:50:00",380,380,0
174,1,"1862-01-19T05:30:00","1862-01-19T05:30:00","1862-01-19T16:00:00","1862-01-19T16:00:00",630,630,0
175,1,"1862-02-15T05:50:00","1862-02-15T05:50:00","1862-02-15T15:30:00","1862-02-15T15:30:00",580,580,0
176,1,"1862-03-07T10:30:00","1862-03-07T10:30:00","1862-03-07T18:30:00","1862-03-07T18:30:00",480,480,0
176,2,"1862-03-08T06:30:00","1862-03-08T06:30:00","1862-03-08T11:30:00","1862-03-08T11:30:00",300,300,0
177,1,"1862-03-23T06:00:00","1862-03-23T06:00:00","1862-03-23T08:00:00","1862-03-23T08:00:00",120,120,0
177,2,"1862-03-23T14:00:00","1862-03-23T14:00:00","1862-03-23T18:00:00","1862-03-23T18:00:00",240,240,0
178,1,"1862-04-06T05:00:00","1862-04-06T05:00:00","1862-04-06T18:00:00","1862-04-06T18:00:00",780,780,0
178,2,"1862-04-07T07:30:00","1862-04-07T07:30:00","1862-04-07T16:00:00","1862-04-07T16:00:00",510,510,0
179,1,"1862-05-23T14:00:00","1862-05-23T14:00:00","1862-05-23T17:30:00","1862-05-23T17:30:00",210,210,0
180,1,"1862-05-25T06:00:00","1862-05-25T06:00:00","1862-05-25T07:30:00","1862-05-25T07:30:00",90,90,0
181,1,"1862-06-08T09:00:00","1862-06-08T09:00:00","1862-06-08T12:00:00","1862-06-08T12:00:00",180,180,0
182,1,"1862-06-09T07:00:00","1862-06-09T07:00:00","1862-06-09T11:00:00","1862-06-09T11:00:00",240,240,0
183,1,"1862-05-31T13:00:00","1862-05-31T13:00:00","1862-05-31T19:30:00","1862-05-31T19:30:00",390,390,0
183,2,"1862-06-01T06:30:00","1862-06-01T06:30:00","1862-06-01T13:30:00","1862-06-01T13:30:00",420,420,0
184,1,"1862-06-26T15:00:00","1862-06-26T15:00:00","1862-06-26T21:00:00","1862-06-26T21:00:00",360,360,0
185,1,"1862-06-27T12:30:00","1862-06-27T12:30:00","1862-06-27T18:00:00","1862-06-27T18:00:00",330,330,0
185,2,"1862-06-27T18:30:00","1862-06-27T18:30:00","1862-06-27T21:00:00","1862-06-27T21:00:00",150,150,0
186,1,"1862-06-29T09:00:00","1862-06-29T09:00:00","1862-06-29T11:00:00","1862-06-29T11:00:00",120,120,0
186,2,"1862-06-29T17:00:00","1862-06-29T17:00:00","1862-06-29T20:30:00","1862-06-29T20:30:00",210,210,0
186,3,"1862-06-30T16:30:00","1862-06-30T16:30:00","1862-06-30T21:00:00","1862-06-30T21:00:00",270,270,0
187,1,"1862-07-01T15:00:00","1862-07-01T15:00:00","1862-07-01T16:00:00","1862-07-01T16:00:00",60,60,0
187,2,"1862-07-01T18:00:00","1862-07-01T18:00:00","1862-07-01T20:30:00","1862-07-01T20:30:00",150,150,0
188,1,"1862-08-09T15:00:00","1862-08-09T15:00:00","1862-08-09T21:30:00","1862-08-09T21:30:00",390,390,0
189,1,"1862-08-29T05:30:00","1862-08-29T05:30:00","1862-08-29T12:00:00","1862-08-29T12:00:00",390,390,0
189,2,"1862-08-29T13:30:00","1862-08-29T13:30:00","1862-08-29T21:30:00","1862-08-29T21:30:00",480,480,0
189,3,"1862-08-30T12:00:00","1862-08-30T12:00:00","1862-08-30T20:00:00","1862-08-30T20:00:00",480,480,0
190,1,"1862-09-14T09:00:00","1862-09-14T09:00:00","1862-09-14T22:00:00","1862-09-14T22:00:00",780,780,0
191,1,"1862-09-17T05:30:00","1862-09-17T05:30:00","1862-09-17T16:30:00","1862-09-17T16:30:00",660,660,0
192,1,"1862-10-03T10:00:00","1862-10-03T10:00:00","1862-10-03T13:30:00","1862-10-03T13:30:00",210,210,0
192,2,"1862-10-03T15:00:00","1862-10-03T15:00:00","1862-10-03T18:00:00","1862-10-03T18:00:00",180,180,0
192,3,"1862-10-04T09:00:00","1862-10-04T09:00:00","1862-10-04T13:00:00","1862-10-04T13:00:00",240,240,0
193,1,"1862-10-08T14:00:00","1862-10-08T14:00:00","1862-10-08T18:00:00","1862-10-08T18:00:00",240,240,0
194,1,"1862-12-13T11:00:00","1862-12-13T11:00:00","1862-12-13T16:00:00","1862-12-13T16:00:00",300,300,0
195,1,"1862-12-31T07:00:00","1862-12-31T07:00:00","1862-12-31T12:00:00","1862-12-31T12:00:00",300,300,0
195,2,"1862-12-31T14:00:00","1862-12-31T14:00:00","1862-12-31T18:00:00","1862-12-31T18:00:00",240,240,0
195,3,"1863-01-02T16:00:00","1863-01-02T16:00:00","1863-01-02T22:00:00","1863-01-02T22:00:00",360,360,0
196,1,"1863-05-01T11:15:00","1863-05-01T11:15:00","1863-05-01T14:30:00","1863-05-01T14:30:00",195,195,0
196,2,"1863-05-02T12:15:00","1863-05-02T12:15:00","1863-05-02T14:00:00","1863-05-02T14:00:00",105,105,0
196,3,"1863-05-02T17:15:00","1863-05-02T17:15:00","1863-05-02T21:00:00","1863-05-02T21:00:00",225,225,0
196,4,"1863-05-03T05:00:00","1863-05-03T05:00:00","1863-05-03T16:00:00","1863-05-03T16:00:00",660,660,0
196,5,"1863-05-04T18:00:00","1863-05-04T18:00:00","1863-05-04T20:30:00","1863-05-04T20:30:00",150,150,0
197,1,"1863-05-16T10:30:00","1863-05-16T10:30:00","1863-05-16T16:00:00","1863-05-16T16:00:00",330,330,0
198,1,"1863-06-09T04:00:00","1863-06-09T04:00:00","1863-06-09T16:00:00","1863-06-09T16:00:00",720,720,0
199,1,"1863-07-01T10:00:00","1863-07-01T10:00:00","1863-07-01T17:00:00","1863-07-01T17:00:00",420,420,0
199,2,"1863-07-02T16:00:00","1863-07-02T16:00:00","1863-07-02T20:30:00","1863-07-02T20:30:00",270,270,0
199,3,"1863-07-03T05:00:00","1863-07-03T05:00:00","1863-07-03T10:30:00","1863-07-03T10:30:00",330,330,0
199,4,"1863-07-03T13:00:00","1863-07-03T13:00:00","1863-07-03T15:00:00","1863-07-03T15:00:00",120,120,0
200,1,"1863-09-19T05:30:00","1863-09-19T05:30:00","1863-09-19T18:30:00","1863-09-19T18:30:00",780,780,0
200,2,"1863-09-20T09:00:00","1863-09-20T09:00:00","1863-09-20T19:00:00","1863-09-20T19:00:00",600,600,0
201,1,"1863-11-24T10:00:00","1863-11-24T10:00:00","1863-11-24T12:00:00","1863-11-24T12:00:00",120,120,0
201,2,"1863-11-25T07:00:00","1863-11-25T07:00:00","1863-11-25T18:00:00","1863-11-25T18:00:00",660,660,0
202,1,"1864-05-05T07:15:00","1864-05-05T07:15:00","1864-05-05T20:00:00","1864-05-05T20:00:00",765,765,0
202,2,"1864-05-06T05:00:00","1864-05-06T05:00:00","1864-05-06T20:00:00","1864-05-06T20:00:00",900,900,0
203,1,"1864-05-08T00:00:00","1864-05-09T00:00:00","1864-05-18T00:00:00","1864-05-19T00:00:00",15840,12960,0
204,1,"1864-05-15T05:00:00","1864-05-15T05:00:00","1864-05-15T16:00:00","1864-05-15T16:00:00",660,660,0
205,1,"1864-06-03T04:30:00","1864-06-03T04:30:00","1864-06-03T13:30:00","1864-06-03T13:30:00",540,540,0
206,1,"1864-06-27T09:00:00","1864-06-27T09:00:00","1864-06-27T11:30:00","1864-06-27T11:30:00",150,150,0
207,1,"1864-07-20T15:00:00","1864-07-20T15:00:00","1864-07-20T18:00:00","1864-07-20T18:00:00",180,180,0
208,1,"1864-07-22T12:30:00","1864-07-22T12:30:00","1864-07-22T19:30:00","1864-07-22T19:30:00",420,420,0
209,1,"1864-06-15T19:00:00","1864-06-15T19:00:00","1864-06-15T23:00:00","1864-06-15T23:00:00",240,240,0
209,2,"1864-06-16T18:00:00","1864-06-16T18:00:00","1864-06-17T23:00:00","1864-06-17T23:00:00",1740,1740,0
209,3,"1864-06-18T04:30:00","1864-06-18T04:30:00","1864-06-18T06:30:00","1864-06-18T06:30:00",120,120,0
209,4,"1864-06-18T12:30:00","1864-06-18T12:30:00","1864-06-18T14:30:00","1864-06-18T14:30:00",120,120,0
209,5,"1864-06-18T16:00:00","1864-06-18T16:00:00","1864-06-18T20:30:00","1864-06-18T20:30:00",270,270,0
210,1,"1864-08-18T00:00:00","1864-08-19T00:00:00","1864-08-21T00:00:00","1864-08-22T00:00:00",5760,2880,0
211,1,"1864-09-19T05:00:00","1864-09-19T05:00:00","1864-09-19T17:00:00","1864-09-19T17:00:00",720,720,0
212,1,"1864-10-19T05:30:00","1864-10-19T05:30:00","1864-10-19T10:00:00","1864-10-19T10:00:00",270,270,0
212,2,"1864-10-19T12:00:00","1864-10-19T12:00:00","1864-10-19T14:00:00","1864-10-19T14:00:00",120,120,0
212,3,"1864-10-19T16:00:00","1864-10-19T16:00:00","1864-10-19T18:00:00","1864-10-19T18:00:00",120,120,0
213,1,"1864-11-30T15:30:00","1864-11-30T15:30:00","1864-11-30T23:00:00","1864-11-30T23:00:00",450,450,0
214,1,"1864-12-15T08:00:00","1864-12-15T08:00:00","1864-12-15T17:45:00","1864-12-15T17:45:00",585,585,0
214,2,"1864-12-16T15:00:00","1864-12-16T15:00:00","1864-12-16T16:45:00","1864-12-16T16:45:00",105,105,0
215,1,"1865-03-19T06:00:00","1865-03-19T06:00:00","1865-03-19T19:00:00","1865-03-19T19:00:00",780,780,0
215,2,"1865-03-21T06:00:00","1865-03-21T06:00:00","1865-03-21T08:00:00","1865-03-21T08:00:00",120,120,0
216,1,"1865-03-29T00:00:00","1865-03-30T00:00:00","1865-03-31T00:00:00","1865-04-01T00:00:00",4320,1440,0
217,1,"1865-04-01T16:00:00","1865-04-01T16:00:00","1865-04-01T19:30:00","1865-04-01T19:30:00",210,210,0
218,1,"1865-04-02T00:00:00","1865-04-03T00:00:00","1865-04-02T00:00:00","1865-04-03T00:00:00",1440,0,0
219,1,"1865-04-06T08:30:00","1865-04-06T08:30:00","1865-04-06T19:30:00","1865-04-06T19:30:00",660,660,0
220,1,"1870-08-04T08:30:00","1870-08-04T08:30:00","1870-08-04T15:00:00","1870-08-04T15:00:00",390,390,0
221,1,"1870-08-06T08:00:00","1870-08-06T08:00:00","1870-08-06T17:00:00","1870-08-06T17:00:00",540,540,0
222,1,"1870-08-06T05:00:00","1870-08-06T05:00:00","1870-08-06T18:00:00","1870-08-06T18:00:00",780,780,0
223,1,"1870-08-16T10:00:00","1870-08-16T10:00:00","1870-08-16T22:00:00","1870-08-16T22:00:00",720,720,0
224,1,"1870-08-18T11:30:00","1870-08-18T11:30:00","1870-08-18T20:00:00","1870-08-18T20:00:00",510,510,0
225,1,"1870-09-01T04:00:00","1870-09-01T04:00:00","1870-09-01T17:00:00","1870-09-01T17:00:00",780,780,0
226,1,"1870-11-09T09:00:00","1870-11-09T09:00:00","1870-11-09T16:00:00","1870-11-09T16:00:00",420,420,0
227,1,"1870-12-02T00:00:00","1870-12-03T00:00:00","1870-12-04T00:00:00","1870-12-05T00:00:00",4320,1440,0
228,1,"1871-01-11T09:00:00","1871-01-11T09:00:00","1871-01-11T17:00:00","1871-01-11T17:00:00",480,480,0
228,2,"1871-01-12T08:00:00","1871-01-12T08:00:00","1871-01-12T17:00:00","1871-01-12T17:00:00",540,540,0
229,1,"1871-01-15T00:00:00","1871-01-16T00:00:00","1871-01-17T00:00:00","1871-01-18T00:00:00",4320,1440,0
230,1,"1879-01-22T12:00:00","1879-01-22T12:00:00","1879-01-22T16:00:00","1879-01-22T16:00:00",240,240,0
231,1,"1879-07-04T08:00:00","1879-07-04T08:00:00","1879-07-04T09:00:00","1879-07-04T09:00:00",60,60,0
232,1,"1881-02-27T12:30:00","1881-02-27T12:30:00","1881-02-27T13:30:00","1881-02-27T13:30:00",60,60,0
233,1,"1882-09-13T04:55:00","1882-09-13T04:55:00","1882-09-13T07:00:00","1882-09-13T07:00:00",125,125,0
234,1,"1898-09-02T06:30:00","1898-09-02T06:30:00","1898-09-02T11:30:00","1898-09-02T11:30:00",300,300,0
235,1,"1896-03-01T00:00:00","1896-03-02T00:00:00","1896-03-01T00:00:00","1896-03-02T00:00:00",1440,0,0
236,1,"1899-11-28T05:30:00","1899-11-28T05:30:00","1899-11-28T15:30:00","1899-11-28T15:30:00",600,600,0
237,1,"1899-12-11T05:00:00","1899-12-11T05:00:00","1899-12-11T14:00:00","1899-12-11T14:00:00",540,540,0
238,1,"1899-12-15T06:30:00","1899-12-15T06:30:00","1899-12-15T17:00:00","1899-12-15T17:00:00",630,630,0
239,1,"1900-01-24T08:00:00","1900-01-24T08:00:00","1900-01-24T19:00:00","1900-01-24T19:00:00",660,660,0
240,1,"1900-02-18T08:00:00","1900-02-18T08:00:00","1900-02-18T12:00:00","1900-02-18T12:00:00",240,240,0
240,2,"1900-02-18T14:00:00","1900-02-18T14:00:00","1900-02-18T15:30:00","1900-02-18T15:30:00",90,90,0
240,3,"1900-02-18T17:15:00","1900-02-18T17:15:00","1900-02-18T19:00:00","1900-02-18T19:00:00",105,105,0
241,1,"1898-07-01T06:30:00","1898-07-01T06:30:00","1898-07-01T17:00:00","1898-07-01T17:00:00",630,630,0
242,1,"1904-04-30T04:00:00","1904-04-30T04:00:00","1904-04-30T20:00:00","1904-04-30T20:00:00",960,960,0
242,2,"1904-05-01T05:00:00","1904-05-01T05:00:00","1904-05-01T13:00:00","1904-05-01T13:00:00",480,480,0
243,1,"1904-06-14T12:00:00","1904-06-14T12:00:00","1904-06-14T19:00:00","1904-06-14T19:00:00",420,420,0
243,2,"1904-06-15T05:20:00","1904-06-15T05:20:00","1904-06-15T15:00:00","1904-06-15T15:00:00",580,580,0
244,1,"1904-08-25T00:00:00","1904-08-26T00:00:00","1904-09-03T00:00:00","1904-09-04T00:00:00",14400,11520,0
245,1,"1904-10-05T00:00:00","1904-10-06T00:00:00","1904-10-18T00:00:00","1904-10-19T00:00:00",20160,17280,0
246,1,"1905-01-26T10:30:00","1905-01-26T10:30:00","1905-01-26T18:15:00","1905-01-26T18:15:00",465,465,0
246,2,"1905-01-27T05:00:00","1905-01-27T05:00:00","1905-01-27T21:30:00","1905-01-27T21:30:00",990,990,0
247,1,"1905-02-21T00:00:00","1905-02-22T00:00:00","1905-03-10T00:00:00","1905-03-11T00:00:00",25920,23040,0
248,1,"1912-10-23T05:30:00","1912-10-23T05:30:00","1912-10-23T21:30:00","1912-10-23T21:30:00",960,960,0
248,2,"1912-10-24T05:30:00","1912-10-24T05:30:00","1912-10-24T12:30:00","1912-10-24T12:30:00",420,420,0
249,1,"1912-10-28T00:00:00","1912-10-29T00:00:00","1912-11-01T00:00:00","1912-11-02T00:00:00",7200,4320,0
250,1,"1912-11-01T00:00:00","1912-11-02T00:00:00","1912-11-02T00:00:00","1912-11-03T00:00:00",2880,0,0
251,1,"1912-11-05T00:00:00","1912-11-06T00:00:00","1912-11-05T00:00:00","1912-11-06T00:00:00",1440,0,0
252,1,"1913-03-23T00:00:00","1913-03-24T00:00:00","1913-03-25T00:00:00","1913-03-26T00:00:00",4320,1440,0
253,1,"1920-08-14T00:00:00","1920-08-15T00:00:00","1920-08-25T00:00:00","1920-08-26T00:00:00",17280,14400,0
254,1,"1920-09-23T00:00:00","1920-09-24T00:00:00","1920-09-28T00:00:00","1920-09-29T00:00:00",8640,5760,0
255,1,"1937-03-11T00:00:00","1937-03-12T00:00:00","1937-03-15T00:00:00","1937-03-16T00:00:00",7200,4320,0
256,1,"1938-07-31T02:00:00","1938-07-31T02:00:00","1938-07-31T08:00:00","1938-07-31T08:00:00",360,360,0
257,1,"1938-08-02T08:00:00","1938-08-02T08:00:00","1938-08-02T16:00:00","1938-08-02T16:00:00",480,480,0
257,2,"1938-08-02T20:00:00","1938-08-02T20:00:00","1938-08-02T22:00:00","1938-08-02T22:00:00",120,120,0
257,3,"1938-08-03T01:00:00","1938-08-03T01:00:00","1938-08-03T02:30:00","1938-08-03T02:30:00",90,90,0
257,4,"1938-08-03T05:00:00","1938-08-03T05:00:00","1938-08-03T06:30:00","1938-08-03T06:30:00",90,90,0
258,1,"1938-08-06T00:00:00","1938-08-07T00:00:00","1938-08-10T00:00:00","1938-08-11T00:00:00",7200,4320,0
259,1,"1939-05-28T00:00:00","1939-05-29T00:00:00","1939-05-29T00:00:00","1939-05-30T00:00:00",2880,0,0
260,1,"1939-08-20T00:00:00","1939-08-21T00:00:00","1939-08-31T00:00:00","1939-09-01T00:00:00",17280,14400,0
261,1,"1939-12-11T00:00:00","1939-12-12T00:00:00","1940-01-08T00:00:00","1940-01-09T00:00:00",41760,38880,0
262,1,"1914-08-15T00:00:00","1914-08-16T00:00:00","1914-08-19T00:00:00","1914-08-20T00:00:00",7200,4320,0
263,1,"1914-08-20T00:00:00","1914-08-21T00:00:00","1914-08-21T00:00:00","1914-08-22T00:00:00",2880,0,0
264,1,"1914-08-22T00:00:00","1914-08-23T00:00:00","1914-08-23T00:00:00","1914-08-24T00:00:00",2880,0,0
265,1,"1914-08-22T00:00:00","1914-08-23T00:00:00","1914-08-23T00:00:00","1914-08-24T00:00:00",2880,0,0
266,1,"1914-08-23T09:00:00","1914-08-23T09:00:00","1914-08-23T23:00:00","1914-08-23T23:00:00",840,840,0
267,1,"1914-08-26T06:00:00","1914-08-26T06:00:00","1914-08-26T18:00:00","1914-08-26T18:00:00",720,720,0
268,1,"1914-08-29T09:00:00","1914-08-29T09:00:00","1914-08-29T23:00:00","1914-08-29T23:00:00",840,840,0
269,1,"1914-09-03T00:00:00","1914-09-04T00:00:00","1914-09-07T00:00:00","1914-09-08T00:00:00",7200,4320,0
270,1,"1914-09-05T00:00:00","1914-09-06T00:00:00","1914-09-05T00:00:00","1914-09-06T00:00:00",1440,0,0
271,1,"1914-09-06T00:00:00","1914-09-07T00:00:00","1914-09-09T00:00:00","1914-09-10T00:00:00",5760,2880,0
272,1,"1914-09-06T00:00:00","1914-09-07T00:00:00","1914-09-09T00:00:00","1914-09-10T00:00:00",5760,2880,0
273,1,"1914-09-06T00:00:00","1914-09-07T00:00:00","1914-09-09T00:00:00","1914-09-10T00:00:00",5760,2880,0
274,1,"1914-09-06T00:00:00","1914-09-07T00:00:00","1914-09-09T00:00:00","1914-09-10T00:00:00",5760,2880,0
275,1,"1914-09-06T00:00:00","1914-09-07T00:00:00","1914-09-09T00:00:00","1914-09-10T00:00:00",5760,2880,0
276,1,"1914-09-06T00:00:00","1914-09-07T00:00:00","1914-09-09T00:00:00","1914-09-10T00:00:00",5760,2880,0
277,1,"1914-09-13T00:00:00","1914-09-14T00:00:00","1914-09-18T00:00:00","1914-09-19T00:00:00",8640,5760,0
278,1,"1914-08-17T11:00:00","1914-08-17T11:00:00","1914-08-17T20:00:00","1914-08-17T20:00:00",540,540,0
279,1,"1914-08-20T04:00:00","1914-08-20T04:00:00","1914-08-20T16:00:00","1914-08-20T16:00:00",720,720,0
280,1,"1914-08-26T00:00:00","1914-08-27T00:00:00","1914-08-29T00:00:00","1914-08-30T00:00:00",5760,2880,0
281,1,"1914-09-09T00:00:00","1914-09-10T00:00:00","1914-09-13T00:00:00","1914-09-14T00:00:00",7200,4320,0
282,1,"1914-08-23T00:00:00","1914-08-24T00:00:00","1914-08-25T00:00:00","1914-08-26T00:00:00",4320,1440,0
283,1,"1914-08-26T00:00:00","1914-08-27T00:00:00","1914-08-30T00:00:00","1914-08-31T00:00:00",7200,4320,0
284,1,"1914-08-26T00:00:00","1914-08-27T00:00:00","1914-08-30T00:00:00","1914-08-31T00:00:00",7200,4320,0
285,1,"1914-09-03T00:00:00","1914-09-04T00:00:00","1914-09-10T00:00:00","1914-09-11T00:00:00",11520,8640,0
286,1,"1914-11-12T00:00:00","1914-11-13T00:00:00","1914-11-24T00:00:00","1914-11-25T00:00:00",18720,15840,0
287,1,"1914-08-12T00:00:00","1914-08-13T00:00:00","1914-08-19T00:00:00","1914-08-20T00:00:00",11520,8640,0
288,1,"1914-12-03T00:00:00","1914-12-04T00:00:00","1914-12-09T00:00:00","1914-12-10T00:00:00",10080,7200,0
289,1,"1915-02-15T00:00:00","1915-02-16T00:00:00","1915-03-16T00:00:00","1915-03-17T00:00:00",43200,40320,0
290,1,"1915-03-10T08:30:00","1915-03-10T08:30:00","1915-03-10T13:00:00","1915-03-10T13:00:00",270,270,0
290,2,"1915-03-10T17:30:00","1915-03-10T17:30:00","1915-03-10T19:00:00","1915-03-10T19:00:00",90,90,0
290,3,"1915-03-11T07:00:00","1915-03-11T07:00:00","1915-03-11T12:00:00","1915-03-11T12:00:00",300,300,0
290,4,"1915-03-12T05:00:00","1915-03-12T05:00:00","1915-03-12T07:00:00","1915-03-12T07:00:00",120,120,0
290,5,"1915-03-12T12:30:00","1915-03-12T12:30:00","1915-03-12T16:40:00","1915-03-12T16:40:00",250,250,0
290,6,"1915-03-13T09:30:00","1915-03-13T09:30:00","1915-03-13T10:30:00","1915-03-13T10:30:00",60,60,0
291,1,"1915-04-22T00:00:00","1915-04-23T00:00:00","1915-05-24T00:00:00","1915-05-25T00:00:00",47520,44640,0
292,1,"1915-05-16T00:00:00","1915-05-17T00:00:00","1915-05-26T00:00:00","1915-05-27T00:00:00",15840,12960,0
293,1,"1915-09-25T00:00:00","1915-09-26T00:00:00","1915-10-14T00:00:00","1915-10-15T00:00:00",28800,25920,0
294,1,"1915-02-07T00:00:00","1915-02-08T00:00:00","1915-02-21T00:00:00","1915-02-22T00:00:00",21600,18720,0
295,1,"1915-05-02T00:00:00","1915-05-03T00:00:00","1915-05-04T00:00:00","1915-05-05T00:00:00",4320,1440,0
296,1,"1915-06-23T00:00:00","1915-06-24T00:00:00","1915-07-07T00:00:00","1915-07-08T00:00:00",21600,18720,0
297,1,"1915-07-18T00:00:00","1915-07-19T00:00:00","1915-08-03T00:00:00","1915-08-04T00:00:00",24480,21600,0
298,1,"1915-10-18T00:00:00","1915-10-19T00:00:00","1915-11-04T00:00:00","1915-11-05T00:00:00",25920,23040,0
299,1,"1915-11-10T00:00:00","1915-11-11T00:00:00","1915-12-02T00:00:00","1915-12-03T00:00:00",33120,30240,0
300,1,"1915-04-25T04:30:00","1915-04-25T04:30:00","1915-04-25T19:00:00","1915-04-25T19:00:00",870,870,0
300,2,"1915-04-25T20:00:00","1915-04-25T20:00:00","1915-04-25T22:00:00","1915-04-25T22:00:00",120,120,0
301,1,"1915-08-07T00:00:00","1915-08-08T00:00:00","1915-08-10T00:00:00","1915-08-11T00:00:00",5760,2880,0
302,1,"1915-09-27T00:00:00","1915-09-28T00:00:00","1915-09-28T00:00:00","1915-09-29T00:00:00",2880,0,0
303,1,"1915-11-22T00:00:00","1915-11-23T00:00:00","1915-11-24T00:00:00","1915-11-25T00:00:00",4320,1440,0
304,1,"1916-07-01T00:00:00","1916-07-02T00:00:00","1916-09-30T00:00:00","1916-10-01T00:00:00",132480,129600,0
304,2,"1916-11-01T00:00:00","1916-11-02T00:00:00","1916-11-24T00:00:00","1916-11-25T00:00:00",34560,31680,0
305,1,"1916-07-01T07:30:00","1916-07-01T07:30:00","1916-07-01T20:30:00","1916-07-01T20:30:00",780,780,0
306,1,"1916-07-01T07:30:00","1916-07-01T07:30:00","1916-07-01T19:30:00","1916-07-01T19:30:00",720,720,0
307,1,"1916-07-14T03:30:00","1916-07-14T03:30:00","1916-07-14T20:00:00","1916-07-14T20:00:00",990,990,0
308,1,"1916-09-15T06:20:00","1916-09-15T06:20:00","1916-09-15T21:25:00","1916-09-15T21:25:00",905,905,0
309,1,"1916-01-10T00:00:00","1916-01-11T00:00:00","1916-01-16T00:00:00","1916-01-17T00:00:00",10080,7200,0
310,1,"1916-03-18T00:00:00","1916-03-19T00:00:00","1916-03-26T00:00:00","1916-03-27T00:00:00",12960,10080,0
311,1,"1916-06-04T00:00:00","1916-06-05T00:00:00","1916-07-07T00:00:00","1916-07-08T00:00:00",48960,46080,0
312,1,"1916-03-11T00:00:00","1916-03-12T00:00:00","1916-03-15T00:00:00","1916-03-16T00:00:00",7200,4320,0
313,1,"1916-05-15T00:00:00","1916-05-16T00:00:00","1916-06-10T00:00:00","1916-06-11T00:00:00",38880,36000,0
314,1,"1916-06-16T00:00:00","1916-06-17T00:00:00","1916-07-09T00:00:00","1916-07-10T00:00:00",34560,31680,0
315,1,"1916-08-06T00:00:00","1916-08-07T00:00:00","1916-08-17T00:00:00","1916-08-18T00:00:00",17280,14400,0
316,1,"1917-04-09T00:00:00","1917-04-10T00:00:00","1917-04-23T00:00:00","1917-04-24T00:00:00",21600,18720,0
317,1,"1917-04-16T00:00:00","1917-04-17T00:00:00","1917-04-30T00:00:00","1917-05-01T00:00:00",21600,18720,0
318,1,"1917-06-07T00:00:00","1917-06-08T00:00:00","1917-06-14T00:00:00","1917-06-15T00:00:00",11520,8640,0
319,1,"1917-07-31T00:00:00","1917-08-01T00:00:00","1917-12-07T00:00:00","1917-12-08T00:00:00",187200,184320,0
320,1,"1917-11-20T00:00:00","1917-11-21T00:00:00","1917-11-26T00:00:00","1917-11-27T00:00:00",10080,7200,0
321,1,"1917-11-30T00:00:00","1917-12-01T00:00:00","1917-12-03T00:00:00","1917-12-04T00:00:00",5760,2880,0
322,1,"1917-05-12T00:00:00","1917-05-13T00:00:00","1917-06-05T00:00:00","1917-06-06T00:00:00",36000,33120,0
323,1,"1917-08-18T00:00:00","1917-08-19T00:00:00","1917-09-15T00:00:00","1917-09-16T00:00:00",41760,38880,0
324,1,"1917-10-24T00:00:00","1917-10-25T00:00:00","1917-11-23T00:00:00","1917-11-24T00:00:00",44640,41760,0
325,1,"1917-02-22T10:00:00","1917-02-22T10:00:00","1917-02-22T19:30:00","1917-02-22T19:30:00",570,570,0
325,2,"1917-02-23T05:30:00","1917-02-23T05:30:00","1917-02-23T19:00:00","1917-02-23T19:00:00",810,810,0
325,3,"1917-02-24T06:15:00","1917-02-24T06:15:00","1917-02-24T19:00:00","1917-02-24T19:00:00",765,765,0
326,1,"1917-03-26T11:45:00","1917-03-26T11:45:00","1917-03-26T18:30:00","1917-03-26T18:30:00",405,405,0
326,2,"1917-03-27T05:30:00","1917-03-27T05:30:00","1917-03-27T09:30:00","1917-03-27T09:30:00",240,240,0
326,3,"1917-03-27T19:00:00","1917-03-27T19:00:00","1917-03-27T20:00:00","1917-03-27T20:00:00",60,60,0
327,1,"1917-04-17T04:15:00","1917-04-17T04:15:00","1917-04-17T07:00:00","1917-04-17T07:00:00",165,165,0
327,2,"1917-04-19T06:30:00","1917-04-19T06:30:00","1917-04-19T17:00:00","1917-04-19T17:00:00",630,630,0
328,1,"1917-10-31T00:00:00","1917-11-01T00:00:00","1917-11-06T00:00:00","1917-11-07T00:00:00",10080,7200,0
329,1,"1917-11-13T00:00:00","1917-11-14T00:00:00","1917-11-14T00:00:00","1917-11-15T00:00:00",2880,0,0
330,1,"1918-03-21T00:00:00","1918-03-22T00:00:00","1918-03-26T00:00:00","1918-03-27T00:00:00",8640,5760,0
331,1,"1918-03-27T00:00:00","1918-03-28T00:00:00","1918-04-09T00:00:00","1918-04-10T00:00:00",20160,17280,0
332,1,"1918-04-09T00:00:00","1918-04-10T00:00:00","1918-04-30T00:00:00","1918-05-01T00:00:00",31680,28800,0
333,1,"1918-04-14T00:30:00","1918-04-14T00:30:00","1918-04-14T02:30:00","1918-04-14T02:30:00",120,120,0
334,1,"1918-05-27T00:00:00","1918-05-28T00:00:00","1918-06-03T00:00:00","1918-06-04T00:00:00",11520,8640,0
335,1,"1918-05-28T06:45:00","1918-05-28T06:45:00","1918-05-28T07:20:00","1918-05-28T07:20:00",35,35,0
335,2,"1918-05-28T07:30:00","1918-05-28T07:30:00","1918-05-28T08:00:00","1918-05-28T08:00:00",30,30,0
335,3,"1918-05-28T09:30:00","1918-05-28T09:30:00","1918-05-28T10:00:00","1918-05-28T10:00:00",30,30,0
335,4,"1918-05-28T17:10:00","1918-05-28T17:10:00","1918-05-28T17:40:00","1918-05-28T17:40:00",30,30,0
335,5,"1918-05-28T18:30:00","1918-05-28T18:30:00","1918-05-28T19:00:00","1918-05-28T19:00:00",30,30,0
336,1,"1918-06-06T03:45:00","1918-06-06T03:45:00","1918-06-06T12:30:00","1918-06-06T12:30:00",525,525,0
336,2,"1918-06-06T17:00:00","1918-06-06T17:00:00","1918-06-06T21:00:00","1918-06-06T21:00:00",240,240,0
337,1,"1918-06-06T03:45:00","1918-06-06T03:45:00","1918-06-06T12:30:00","1918-06-06T12:30:00",525,525,0
338,1,"1918-06-06T17:00:00","1918-06-06T17:00:00","1918-06-06T21:00:00","1918-06-06T21:00:00",240,240,0
339,1,"1918-06-06T17:00:00","1918-06-06T17:00:00","1918-06-06T21:30:00","1918-06-06T21:30:00",270,270,0
340,1,"1918-06-06T17:00:00","1918-06-06T17:00:00","1918-06-07T03:00:00","1918-06-07T03:00:00",600,600,0
341,1,"1918-06-11T04:30:00","1918-06-11T04:30:00","1918-06-11T09:00:00","1918-06-11T09:00:00",270,270,0
342,1,"1918-06-12T17:30:00","1918-06-12T17:30:00","1918-06-12T20:30:00","1918-06-12T20:30:00",180,180,0
343,1,"1918-06-13T03:00:00","1918-06-13T03:00:00","1918-06-13T05:30:00","1918-06-13T05:30:00",150,150,0
344,1,"1918-06-21T03:15:00","1918-06-21T03:15:00","1918-06-21T04:30:00","1918-06-21T04:30:00",75,75,0
345,1,"1918-06-23T19:00:00","1918-06-23T19:00:00","1918-06-23T23:20:00","1918-06-23T23:20:00",260,260,0
346,1,"1918-06-25T17:00:00","1918-06-25T17:00:00","1918-06-26T06:00:00","1918-06-26T06:00:00",780,780,0
347,1,"1918-07-01T17:00:00","1918-07-01T17:00:00","1918-07-02T02:30:00","1918-07-02T02:30:00",570,570,0
348,1,"1918-07-01T18:00:00","1918-07-01T18:00:00","1918-07-02T02:30:00","1918-07-02T02:30:00",510,510,0
349,1,"1918-07-01T17:00:00","1918-07-01T17:00:00","1918-07-02T03:00:00","1918-07-02T03:00:00",600,600,0
350,1,"1918-06-09T00:00:00","1918-06-10T00:00:00","1918-06-13T00:00:00","1918-06-14T00:00:00",7200,4320,0
351,1,"1918-07-15T00:00:00","1918-07-16T00:00:00","1918-07-17T00:00:00","1918-07-18T00:00:00",4320,1440,0
352,1,"1918-07-18T00:00:00","1918-07-19T00:00:00","1918-07-19T00:00:00","1918-07-20T00:00:00",2880,0,0
353,1,"1918-07-18T04:35:00","1918-07-18T04:35:00","1918-07-18T16:00:00","1918-07-18T16:00:00",685,685,0
354,1,"1918-07-18T04:35:00","1918-07-18T04:35:00","1918-07-18T16:00:00","1918-07-18T16:00:00",685,685,0
355,1,"1918-07-18T04:35:00","1918-07-18T04:35:00","1918-07-18T09:30:00","1918-07-18T09:30:00",295,295,0
356,1,"1918-07-18T04:35:00","1918-07-18T04:35:00","1918-07-18T09:30:00","1918-07-18T09:30:00",295,295,0
357,1,"1918-07-18T04:35:00","1918-07-18T04:35:00","1918-07-18T11:00:00","1918-07-18T11:00:00",385,385,0
358,1,"1918-07-18T04:35:00","1918-07-18T04:35:00","1918-07-18T08:00:00","1918-07-18T08:00:00",205,205,0
359,1,"1918-07-20T00:00:00","1918-07-21T00:00:00","1918-08-01T00:00:00","1918-08-02T00:00:00",18720,15840,0
360,1,"1918-07-21T08:30:00","1918-07-21T08:30:00","1918-07-21T09:15:00","1918-07-21T09:15:00",45,45,0
361,1,"1918-07-21T00:00:00","1918-07-22T00:00:00","1918-07-21T00:00:00","1918-07-22T00:00:00",1440,0,0
362,1,"1918-08-08T00:00:00","1918-08-09T00:00:00","1918-08-11T00:00:00","1918-08-12T00:00:00",5760,2880,0
363,1,"1918-08-21T00:00:00","1918-08-22T00:00:00","1918-09-04T00:00:00","1918-09-05T00:00:00",21600,18720,0
364,1,"1918-09-12T00:00:00","1918-09-13T00:00:00","1918-09-15T00:00:00","1918-09-16T00:00:00",5760,2880,0
365,1,"1918-09-12T05:00:00","1918-09-12T05:00:00","1918-09-12T17:30:00","1918-09-12T17:30:00",750,750,0
366,1,"1918-09-26T00:00:00","1918-09-27T00:00:00","1918-10-03T00:00:00","1918-10-04T00:00:00",11520,8640,0
367,1,"1918-10-03T00:00:00","1918-10-04T00:00:00","1918-10-06T00:00:00","1918-10-07T00:00:00",5760,2880,0
368,1,"1918-10-03T05:50:00","1918-10-03T05:50:00","1918-10-03T08:40:00","1918-10-03T08:40:00",170,170,0
369,1,"1918-10-03T00:00:00","1918-10-04T00:00:00","1918-10-03T00:00:00","1918-10-04T00:00:00",1440,0,0
370,1,"1918-10-03T05:50:00","1918-10-03T05:50:00","1918-10-03T09:30:00","1918-10-03T09:30:00",220,220,0
371,1,"1918-10-03T05:50:00","1918-10-03T05:50:00","1918-10-03T09:30:00","1918-10-03T09:30:00",220,220,0
372,1,"1918-10-08T00:00:00","1918-10-09T00:00:00","1918-10-08T00:00:00","1918-10-09T00:00:00",1440,0,0
373,1,"1918-10-04T00:00:00","1918-10-05T00:00:00","1918-10-31T00:00:00","1918-11-01T00:00:00",40320,37440,0
374,1,"1918-10-04T05:30:00","1918-10-04T05:30:00","1918-10-04T07:00:00","1918-10-04T07:00:00",90,90,0
374,2,"1918-10-04T17:30:00","1918-10-04T17:30:00","1918-10-04T18:30:00","1918-10-04T18:30:00",60,60,0
375,1,"1918-10-04T05:30:00","1918-10-04T05:30:00","1918-10-04T17:30:00","1918-10-04T17:30:00",720,720,0
376,1,"1918-10-04T00:00:00","1918-10-05T00:00:00","1918-10-04T00:00:00","1918-10-05T00:00:00",1440,0,0
377,1,"1918-10-04T05:30:00","1918-10-04T05:30:00","1918-10-04T07:00:00","1918-10-04T07:00:00",90,90,0
378,1,"1918-10-05T06:30:00","1918-10-05T06:30:00","1918-10-05T17:30:00","1918-10-05T17:30:00",660,660,0
379,1,"1918-10-05T00:00:00","1918-10-06T00:00:00","1918-10-05T00:00:00","1918-10-06T00:00:00",1440,0,0
380,1,"1918-10-09T08:30:00","1918-10-09T08:30:00","1918-10-09T11:00:00","1918-10-09T11:00:00",150,150,0
381,1,"1918-11-01T00:00:00","1918-11-02T00:00:00","1918-11-11T00:00:00","1918-11-12T00:00:00",15840,12960,0
382,1,"1918-11-07T02:00:00","1918-11-07T02:00:00","1918-11-07T06:00:00","1918-11-07T06:00:00",240,240,0
383,1,"1918-11-07T07:30:00","1918-11-07T07:30:00","1918-11-07T11:00:00","1918-11-07T11:00:00",210,210,0
384,1,"1918-06-15T00:00:00","1918-06-16T00:00:00","1918-06-22T00:00:00","1918-06-23T00:00:00",11520,8640,0
385,1,"1918-09-19T00:00:00","1918-09-20T00:00:00","1918-09-20T00:00:00","1918-09-21T00:00:00",2880,0,0
386,1,"1942-08-31T01:30:00","1942-08-31T01:30:00","1942-08-31T08:30:00","1942-08-31T08:30:00",420,420,0
386,2,"1942-08-31T13:00:00","1942-08-31T13:00:00","1942-08-31T16:00:00","1942-08-31T16:00:00",180,180,0
386,3,"1942-08-31T17:45:00","1942-08-31T17:45:00","1942-08-31T19:30:00","1942-08-31T19:30:00",105,105,0
386,4,"1942-09-01T04:00:00","1942-09-01T04:00:00","1942-09-01T08:30:00","1942-09-01T08:30:00",270,270,0
386,5,"1942-09-01T12:00:00","1942-09-01T12:00:00","1942-09-01T17:00:00","1942-09-01T17:00:00",300,300,0
386,6,"1942-09-02T05:00:00","1942-09-02T05:00:00","1942-09-02T19:00:00","1942-09-02T19:00:00",840,840,0
387,1,"1942-10-23T00:00:00","1942-10-24T00:00:00","1942-11-04T00:00:00","1942-11-05T00:00:00",18720,15840,0
388,1,"1942-10-23T00:00:00","1942-10-24T00:00:00","1942-10-25T00:00:00","1942-10-26T00:00:00",4320,1440,0
389,1,"1942-10-26T00:00:00","1942-10-27T00:00:00","1942-11-01T00:00:00","1942-11-02T00:00:00",10080,7200,0
390,1,"1942-11-02T00:00:00","1942-11-03T00:00:00","1942-11-04T00:00:00","1942-11-05T00:00:00",4320,1440,0
391,1,"1942-11-26T05:30:00","1942-11-26T05:30:00","1942-11-26T06:00:00","1942-11-26T06:00:00",30,30,0
392,1,"1943-03-23T05:00:00","1943-03-23T05:00:00","1943-03-23T08:00:00","1943-03-23T08:00:00",180,180,0
392,2,"1943-03-23T16:45:00","1943-03-23T16:45:00","1943-03-23T19:00:00","1943-03-23T19:00:00",135,135,0
393,1,"1943-04-23T00:00:00","1943-04-24T00:00:00","1943-05-06T00:00:00","1943-05-07T00:00:00",20160,17280,0
394,1,"1943-09-09T00:00:00","1943-09-10T00:00:00","1943-09-11T00:00:00","1943-09-12T00:00:00",4320,1440,0
395,1,"1943-09-09T00:00:00","1943-09-10T00:00:00","1943-09-11T00:00:00","1943-09-12T00:00:00",4320,1440,0
396,1,"1943-09-11T10:00:00","1943-09-11T10:00:00","1943-09-12T00:00:00","1943-09-12T00:00:00",840,840,0
397,1,"1943-09-12T00:00:00","1943-09-13T00:00:00","1943-09-15T00:00:00","1943-09-16T00:00:00",5760,2880,0
398,1,"1943-09-12T00:00:00","1943-09-13T00:00:00","1943-09-15T00:00:00","1943-09-16T00:00:00",5760,2880,0
399,1,"1943-09-13T13:10:00","1943-09-13T13:10:00","1943-09-13T18:30:00","1943-09-13T18:30:00",320,320,0
399,2,"1943-09-14T08:00:00","1943-09-14T08:00:00","1943-09-14T09:30:00","1943-09-14T09:30:00",90,90,0
399,3,"1943-09-14T10:30:00","1943-09-14T10:30:00","1943-09-14T14:30:00","1943-09-14T14:30:00",240,240,0
400,1,"1943-09-17T00:00:00","1943-09-18T00:00:00","1943-09-18T00:00:00","1943-09-19T00:00:00",2880,0,0
401,1,"1943-09-17T00:00:00","1943-09-18T00:00:00","1943-09-18T00:00:00","1943-09-19T00:00:00",2880,0,0
402,1,"1943-09-17T00:00:00","1943-09-18T00:00:00","1943-09-18T00:00:00","1943-09-19T00:00:00",2880,0,0
403,1,"1943-10-12T00:00:00","1943-10-13T00:00:00","1943-10-14T00:00:00","1943-10-15T00:00:00",4320,1440,0
404,1,"1943-10-13T02:00:00","1943-10-13T02:00:00","1943-10-13T07:30:00","1943-10-13T07:30:00",330,330,0
404,2,"1943-10-13T14:00:00","1943-10-13T14:00:00","1943-10-13T21:00:00","1943-10-13T21:00:00",420,420,0
404,3,"1943-10-14T06:15:00","1943-10-14T06:15:00","1943-10-14T17:30:00","1943-10-14T17:30:00",675,675,0
405,1,"1943-10-13T00:00:00","1943-10-14T00:00:00","1943-10-13T00:00:00","1943-10-14T00:00:00",1440,0,0
406,1,"1943-10-13T00:00:00","1943-10-14T00:00:00","1943-10-14T00:00:00","1943-10-15T00:00:00",2880,0,0
407,1,"1943-10-13T00:00:00","1943-10-14T00:00:00","1943-10-14T00:00:00","1943-10-15T00:00:00",2880,0,0
408,1,"1943-10-13T02:00:00","1943-10-13T02:00:00","1943-10-13T18:30:00","1943-10-13T18:30:00",990,990,0
408,2,"1943-10-14T16:45:00","1943-10-14T16:45:00","1943-10-15T00:00:00","1943-10-15T00:00:00",435,435,0
409,1,"1943-10-15T00:00:00","1943-10-16T00:00:00","1943-10-17T00:00:00","1943-10-18T00:00:00",4320,1440,0
410,1,"1943-10-17T00:00:00","1943-10-18T00:00:00","1943-10-18T00:00:00","1943-10-19T00:00:00",2880,0,0
411,1,"1943-10-16T00:00:00","1943-10-17T00:00:00","1943-10-17T00:00:00","1943-10-18T00:00:00",2880,0,0
412,1,"1943-10-18T00:00:00","1943-10-19T00:00:00","1943-10-20T00:00:00","1943-10-21T00:00:00",4320,1440,0
413,1,"1943-10-20T00:00:00","1943-10-21T00:00:00","1943-10-22T00:00:00","1943-10-23T00:00:00",4320,1440,0
414,1,"1943-11-04T00:00:00","1943-11-05T00:00:00","1943-11-05T00:00:00","1943-11-06T00:00:00",2880,0,0
415,1,"1943-11-05T00:00:00","1943-11-06T00:00:00","1943-11-07T00:00:00","1943-11-08T00:00:00",4320,1440,0
416,1,"1943-11-06T00:00:00","1943-11-07T00:00:00","1943-11-07T00:00:00","1943-11-08T00:00:00",2880,0,0
417,1,"1943-11-06T00:00:00","1943-11-07T00:00:00","1943-11-07T00:00:00","1943-11-08T00:00:00",2880,0,0
418,1,"1943-11-08T00:00:00","1943-11-09T00:00:00","1943-11-10T00:00:00","1943-11-11T00:00:00",4320,1440,0
419,1,"1943-11-08T00:00:00","1943-11-09T00:00:00","1943-11-10T00:00:00","1943-11-11T00:00:00",4320,1440,0
420,1,"1943-12-01T17:00:00","1943-12-01T17:00:00","1943-12-02T06:00:00","1943-12-02T06:00:00",780,780,0
420,2,"1943-12-02T06:30:00","1943-12-02T06:30:00","1943-12-02T17:00:00","1943-12-02T17:00:00",630,630,0
421,1,"1943-12-02T18:00:00","1943-12-02T18:00:00","1943-12-06T06:00:00","1943-12-06T06:00:00",5040,5040,0
422,1,"1943-12-02T16:30:00","1943-12-02T16:30:00","1943-12-03T17:00:00","1943-12-03T17:00:00",1470,1470,0
423,1,"1944-01-25T00:00:00","1944-01-26T00:00:00","1944-01-26T00:00:00","1944-01-27T00:00:00",2880,0,0
424,1,"1944-01-27T00:00:00","1944-01-28T00:00:00","1944-01-27T00:00:00","1944-01-28T00:00:00",1440,0,0
425,1,"1944-01-29T23:00:00","1944-01-29T23:00:00","1944-01-30T07:00:00","1944-01-30T07:00:00",480,480,0
425,2,"1944-01-30T15:10:00","1944-01-30T15:10:00","1944-01-30T18:30:00","1944-01-30T18:30:00",200,200,0
425,3,"1944-01-31T10:30:00","1944-01-31T10:30:00","1944-01-31T18:00:00","1944-01-31T18:00:00",450,450,0
426,1,"1944-02-03T15:00:00","1944-02-03T15:00:00","1944-02-03T18:30:00","1944-02-03T18:30:00",210,210,0
426,2,"1944-02-03T23:00:00","1944-02-03T23:00:00","1944-02-04T17:00:00","1944-02-04T17:00:00",1080,1080,0
426,3,"1944-02-04T21:00:00","1944-02-04T21:00:00","1944-02-05T05:00:00","1944-02-05T05:00:00",480,480,0
427,1,"1944-02-07T22:00:00","1944-02-07T22:00:00","1944-02-08T18:00:00","1944-02-08T18:00:00",1200,1200,0
428,1,"1944-02-07T00:00:00","1944-02-08T00:00:00","1944-02-09T00:00:00","1944-02-10T00:00:00",4320,1440,0
429,1,"1944-02-09T00:00:00","1944-02-09T00:00:00","1944-02-09T13:00:00","1944-02-09T13:00:00",780,780,0
430,1,"1944-02-11T06:30:00","1944-02-11T06:30:00","1944-02-11T16:30:00","1944-02-11T16:30:00",600,600,0
430,2,"1944-02-12T02:00:00","1944-02-12T02:00:00","1944-02-12T06:30:00","1944-02-12T06:30:00",270,270,0
431,1,"1944-02-16T06:00:00","1944-02-16T06:00:00","1944-02-16T18:30:00","1944-02-16T18:30:00",750,750,0
431,2,"1944-02-17T00:00:00","1944-02-17T00:00:00","1944-02-17T09:00:00","1944-02-17T09:00:00",540,540,0
431,3,"1944-02-17T12:00:00","1944-02-17T12:00:00","1944-02-17T17:30:00","1944-02-17T17:30:00",330,330,0
431,4,"1944-02-18T04:00:00","1944-02-18T04:00:00","1944-02-18T21:30:00","1944-02-18T21:30:00",1050,1050,0
431,5,"1944-02-19T06:30:00","1944-02-19T06:30:00","1944-02-19T08:20:00","1944-02-19T08:20:00",110,110,0
431,6,"1944-02-19T13:30:00","1944-02-19T13:30:00","1944-02-19T16:20:00","1944-02-19T16:20:00",170,170,0
432,1,"1944-02-16T00:00:00","1944-02-17T00:00:00","1944-02-19T00:00:00","1944-02-20T00:00:00",5760,2880,0
433,1,"1944-02-21T00:00:00","1944-02-22T00:00:00","1944-02-23T00:00:00","1944-02-24T00:00:00",4320,1440,0
434,1,"1944-05-11T23:00:00","1944-05-11T23:00:00","1944-05-12T12:00:00","1944-05-12T12:00:00",780,780,0
434,2,"1944-05-13T16:30:00","1944-05-13T16:30:00","1944-05-14T04:00:00","1944-05-14T04:00:00",690,690,0
435,1,"1944-05-12T00:00:00","1944-05-12T00:00:00","1944-05-12T20:00:00","1944-05-12T20:00:00",1200,1200,0
435,2,"1944-05-13T16:30:00","1944-05-13T16:30:00","1944-05-13T20:00:00","1944-05-13T20:00:00",210,210,0
436,1,"1944-05-14T15:00:00","1944-05-14T15:00:00","1944-05-14T21:00:00","1944-05-14T21:00:00",360,360,0
436,2,"1944-05-15T09:00:00","1944-05-15T09:00:00","1944-05-16T00:00:00","1944-05-16T00:00:00",900,900,0
437,1,"1944-05-14T04:00:00","1944-05-14T04:00:00","1944-05-14T12:00:00","1944-05-14T12:00:00",480,480,0
437,2,"1944-05-15T06:00:00","1944-05-15T06:00:00","1944-05-15T09:00:00","1944-05-15T09:00:00",180,180,0
438,1,"1944-05-16T00:00:00","1944-05-17T00:00:00","1944-05-18T00:00:00","1944-05-19T00:00:00",4320,1440,0
439,1,"1944-05-17T14:30:00","1944-05-17T14:30:00","1944-05-19T06:00:00","1944-05-19T06:00:00",2370,2370,0
440,1,"1944-05-20T00:00:00","1944-05-21T00:00:00","1944-05-22T00:00:00","1944-05-23T00:00:00",4320,1440,0
441,1,"1944-05-22T14:00:00","1944-05-22T14:00:00","1944-05-22T20:00:00","1944-05-22T20:00:00",360,360,0
441,2,"1944-05-22T21:00:00","1944-05-22T21:00:00","1944-05-23T00:00:00","1944-05-23T00:00:00",180,180,0
441,3,"1944-05-23T09:00:00","1944-05-23T09:00:00","1944-05-24T08:30:00","1944-05-24T08:30:00",1410,1410,0
442,1,"1944-05-23T06:00:00","1944-05-23T06:00:00","1944-05-23T11:30:00","1944-05-23T11:30:00",330,330,0
442,2,"1944-05-23T21:10:00","1944-05-23T21:10:00","1944-05-24T11:00:00","1944-05-24T11:00:00",830,830,0
443,1,"1944-05-23T00:00:00","1944-05-24T00:00:00","1944-05-24T00:00:00","1944-05-25T00:00:00",2880,0,0
444,1,"1944-05-23T06:30:00","1944-05-23T06:30:00","1944-05-23T20:00:00","1944-05-23T20:00:00",810,810,0
444,2,"1944-05-24T05:30:00","1944-05-24T05:30:00","1944-05-24T19:00:00","1944-05-24T19:00:00",810,810,0
444,3,"1944-05-25T06:00:00","1944-05-25T06:00:00","1944-05-25T19:30:00","1944-05-25T19:30:00",810,810,0
445,1,"1944-05-23T06:30:00","1944-05-23T06:30:00","1944-05-23T19:00:00","1944-05-23T19:00:00",750,750,0
445,2,"1944-05-24T08:00:00","1944-05-24T08:00:00","1944-05-24T20:00:00","1944-05-24T20:00:00",720,720,0
445,3,"1944-05-25T04:00:00","1944-05-25T04:00:00","1944-05-25T19:30:00","1944-05-25T19:30:00",930,930,0
446,1,"1944-05-25T00:00:00","1944-05-26T00:00:00","1944-05-27T00:00:00","1944-05-28T00:00:00",4320,1440,0
447,1,"1944-05-26T13:00:00","1944-05-26T13:00:00","1944-05-26T19:30:00","1944-05-26T19:30:00",390,390,0
448,1,"1944-05-26T00:00:00","1944-05-27T00:00:00","1944-05-28T00:00:00","1944-05-29T00:00:00",4320,1440,0
449,1,"1944-05-27T00:00:00","1944-05-28T00:00:00","1944-05-28T00:00:00","1944-05-29T00:00:00",2880,0,0
450,1,"1944-05-28T00:00:00","1944-05-29T00:00:00","1944-05-30T00:00:00","1944-05-31T00:00:00",4320,1440,0
451,1,"1944-05-29T00:00:00","1944-05-30T00:00:00","1944-05-31T00:00:00","1944-06-01T00:00:00",4320,1440,0
452,1,"1944-05-29T00:00:00","1944-05-30T00:00:00","1944-06-01T00:00:00","1944-06-02T00:00:00",5760,2880,0
453,1,"1944-06-01T05:00:00","1944-06-01T05:00:00","1944-06-01T19:30:00","1944-06-01T19:30:00",870,870,0
453,2,"1944-06-02T04:30:00","1944-06-02T04:30:00","1944-06-02T16:30:00","1944-06-02T16:30:00",720,720,0
454,1,"1944-06-01T05:30:00","1944-06-01T05:30:00","1944-06-01T19:00:00","1944-06-01T19:00:00",810,810,0
454,2,"1944-06-02T06:00:00","1944-06-02T06:00:00","1944-06-02T22:40:00","1944-06-02T22:40:00",1000,1000,0
455,1,"1944-06-01T05:00:00","1944-06-01T05:00:00","1944-06-01T21:00:00","1944-06-01T21:00:00",960,960,0
455,2,"1944-06-02T06:00:00","1944-06-02T06:00:00","1944-06-02T21:00:00","1944-06-02T21:00:00",900,900,0
456,1,"1944-06-03T00:00:00","1944-06-04T00:00:00","1944-06-04T00:00:00","1944-06-05T00:00:00",2880,0,0
457,1,"1944-09-13T00:00:00","1944-09-14T00:00:00","1944-09-17T00:00:00","1944-09-18T00:00:00",7200,4320,0
458,1,"1944-07-11T00:00:00","1944-07-12T00:00:00","1944-07-18T00:00:00","1944-07-19T00:00:00",11520,8640,0
459,1,"1944-07-18T07:45:00","1944-07-18T07:45:00","1944-07-18T19:00:00","1944-07-18T19:00:00",675,675,0
459,2,"1944-07-19T13:00:00","1944-07-19T13:00:00","1944-07-19T21:00:00","1944-07-19T21:00:00",480,480,0
459,3,"1944-07-20T05:30:00","1944-07-20T05:30:00","1944-07-20T16:00:00","1944-07-20T16:00:00",630,630,0
460,1,"1944-07-24T00:00:00","1944-07-25T00:00:00","1944-07-26T00:00:00","1944-07-27T00:00:00",4320,1440,0
461,1,"1944-08-07T00:01:00","1944-08-07T00:01:00","1944-08-12T00:00:00","1944-08-13T00:00:00",8639,7199,0
462,1,"1944-08-16T00:00:00","1944-08-17T00:00:00","1944-08-16T00:00:00","1944-08-17T00:00:00",1440,0,0
463,1,"1944-08-23T00:00:00","1944-08-24T00:00:00","1944-08-25T00:00:00","1944-08-26T00:00:00",4320,1440,0
464,1,"1944-08-23T00:00:00","1944-08-24T00:00:00","1944-08-25T00:00:00","1944-08-26T00:00:00",4320,1440,0
465,1,"1944-09-06T00:00:00","1944-09-07T00:00:00","1944-09-11T00:00:00","1944-09-12T00:00:00",8640,5760,0
466,1,"1944-09-13T00:00:00","1944-09-14T00:00:00","1944-09-13T00:00:00","1944-09-14T00:00:00",1440,0,0
467,1,"1944-09-19T07:30:00","1944-09-19T07:30:00","1944-09-19T14:00:00","1944-09-19T14:00:00",390,390,0
467,2,"1944-09-20T11:00:00","1944-09-20T11:00:00","1944-09-20T19:00:00","1944-09-20T19:00:00",480,480,0
467,3,"1944-09-22T09:45:00","1944-09-22T09:45:00","1944-09-22T16:40:00","1944-09-22T16:40:00",415,415,0
468,1,"1944-10-02T11:00:00","1944-10-02T11:00:00","1944-10-02T18:30:00","1944-10-02T18:30:00",450,450,0
468,2,"1944-10-03T06:00:00","1944-10-03T06:00:00","1944-10-03T16:45:00","1944-10-03T16:45:00",645,645,0
468,3,"1944-10-04T05:00:00","1944-10-04T05:00:00","1944-10-04T18:30:00","1944-10-04T18:30:00",810,810,0
468,4,"1944-10-05T06:00:00","1944-10-05T06:00:00","1944-10-05T18:30:00","1944-10-05T18:30:00",750,750,0
468,5,"1944-10-06T07:10:00","1944-10-06T07:10:00","1944-10-06T18:30:00","1944-10-06T18:30:00",680,680,0
468,6,"1944-10-07T09:00:00","1944-10-07T09:00:00","1944-10-07T18:30:00","1944-10-07T18:30:00",570,570,0
469,1,"1944-11-02T00:00:00","1944-11-03T00:00:00","1944-11-13T00:00:00","1944-11-14T00:00:00",17280,14400,0
470,1,"1944-11-08T00:00:00","1944-11-09T00:00:00","1944-11-12T00:00:00","1944-11-13T00:00:00",7200,4320,0
471,1,"1944-11-10T00:00:00","1944-11-11T00:00:00","1944-11-11T00:00:00","1944-11-12T00:00:00",2880,0,0
472,1,"1944-11-13T00:00:00","1944-11-14T00:00:00","1944-11-15T00:00:00","1944-11-16T00:00:00",4320,1440,0
473,1,"1944-11-13T00:00:00","1944-11-14T00:00:00","1944-11-16T00:00:00","1944-11-17T00:00:00",5760,2880,0
474,1,"1944-11-14T08:45:00","1944-11-14T08:45:00","1944-11-14T17:30:00","1944-11-14T17:30:00",525,525,0
474,2,"1944-11-15T03:00:00","1944-11-15T03:00:00","1944-11-15T12:00:00","1944-11-15T12:00:00",540,540,0
475,1,"1944-11-20T00:00:00","1944-11-21T00:00:00","1944-11-27T00:00:00","1944-11-28T00:00:00",11520,8640,0
476,1,"1944-11-24T00:00:00","1944-11-25T00:00:00","1944-11-25T00:00:00","1944-11-26T00:00:00",2880,0,0
477,1,"1944-11-26T10:45:00","1944-11-26T10:45:00","1944-11-26T17:30:00","1944-11-26T17:30:00",405,405,0
478,1,"1944-11-27T00:00:00","1944-11-28T00:00:00","1944-11-29T00:00:00","1944-11-30T00:00:00",4320,1440,0
479,1,"1944-11-28T00:00:00","1944-11-29T00:00:00","1944-11-29T00:00:00","1944-11-30T00:00:00",2880,0,0
480,1,"1944-12-01T00:00:00","1944-12-02T00:00:00","1944-12-02T00:00:00","1944-12-03T00:00:00",2880,0,0
481,1,"1944-12-06T00:00:00","1944-12-07T00:00:00","1944-12-07T00:00:00","1944-12-08T00:00:00",2880,0,0
482,1,"1944-12-06T08:30:00","1944-12-06T08:30:00","1944-12-06T20:00:00","1944-12-06T20:00:00",690,690,0
483,1,"1944-12-16T00:00:00","1944-12-17T00:00:00","1944-12-17T00:00:00","1944-12-18T00:00:00",2880,0,0
484,1,"1944-12-17T00:00:00","1944-12-18T00:00:00","1944-12-22T00:00:00","1944-12-23T00:00:00",8640,5760,0
485,1,"1944-12-18T00:00:00","1944-12-19T00:00:00","1944-12-20T00:00:00","1944-12-21T00:00:00",4320,1440,0
486,1,"1940-05-13T00:00:00","1940-05-14T00:00:00","1940-05-14T00:00:00","1940-05-15T00:00:00",2880,0,0
487,1,"1941-12-12T03:00:00","1941-12-12T03:00:00","1941-12-12T05:00:00","1941-12-12T05:00:00",120,120,0
487,2,"1941-12-12T09:00:00","1941-12-12T09:00:00","1941-12-12T22:00:00","1941-12-12T22:00:00",780,780,0
488,1,"1941-06-22T00:00:00","1941-06-23T00:00:00","1941-06-26T00:00:00","1941-06-27T00:00:00",7200,4320,0
489,1,"1941-09-30T00:00:00","1941-10-01T00:00:00","1941-12-03T00:00:00","1941-12-04T00:00:00",93600,90720,0
490,1,"1941-12-05T00:00:00","1941-12-06T00:00:00","1942-01-07T00:00:00","1942-01-08T00:00:00",48960,46080,0
491,1,"1942-08-04T07:45:00","1942-08-04T07:45:00","1942-08-04T18:00:00","1942-08-04T18:00:00",615,615,0
491,2,"1942-08-05T05:30:00","1942-08-05T05:30:00","1942-08-05T21:00:00","1942-08-05T21:00:00",930,930,0
491,3,"1942-08-06T09:00:00","1942-08-06T09:00:00","1942-08-06T22:00:00","1942-08-06T22:00:00",780,780,0
491,4,"1942-08-07T05:10:00","1942-08-07T05:10:00","1942-08-07T21:00:00","1942-08-07T21:00:00",950,950,0
491,5,"1942-08-08T05:30:00","1942-08-08T05:30:00","1942-08-08T20:00:00","1942-08-08T20:00:00",870,870,0
491,6,"1942-08-09T04:30:00","1942-08-09T04:30:00","1942-08-09T20:00:00","1942-08-09T20:00:00",930,930,0
491,7,"1942-08-10T05:00:00","1942-08-10T05:00:00","1942-08-10T21:00:00","1942-08-10T21:00:00",960,960,0
491,8,"1942-08-11T04:15:00","1942-08-11T04:15:00","1942-08-11T21:00:00","1942-08-11T21:00:00",1005,1005,0
492,1,"1943-01-12T00:00:00","1943-01-13T00:00:00","1943-01-18T00:00:00","1943-01-19T00:00:00",10080,7200,0
493,1,"1943-07-04T00:00:00","1943-07-05T00:00:00","1943-07-06T00:00:00","1943-07-07T00:00:00",4320,1440,0
494,1,"1943-07-05T00:00:00","1943-07-06T00:00:00","1943-07-05T00:00:00","1943-07-06T00:00:00",1440,0,0
495,1,"1943-07-07T00:00:00","1943-07-08T00:00:00","1943-07-10T00:00:00","1943-07-11T00:00:00",5760,2880,0
496,1,"1943-07-11T00:00:00","1943-07-12T00:00:00","1943-07-15T00:00:00","1943-07-16T00:00:00",7200,4320,0
497,1,"1943-07-12T00:00:00","1943-07-13T00:00:00","1943-07-13T00:00:00","1943-07-14T00:00:00",2880,0,0
498,1,"1943-08-03T00:00:00","1943-08-04T00:00:00","1943-08-23T00:00:00","1943-08-24T00:00:00",30240,27360,0
499,1,"1943-08-03T00:00:00","1943-08-04T00:00:00","1943-08-05T00:00:00","1943-08-06T00:00:00",4320,1440,0
500,1,"1943-09-26T00:00:00","1943-09-27T00:00:00","1943-11-05T00:00:00","1943-11-06T00:00:00",59040,56160,0
501,1,"1944-01-24T00:00:00","1944-01-25T00:00:00","1944-02-17T00:00:00","1944-02-18T00:00:00",36000,33120,0
502,1,"1944-01-31T00:00:00","1944-02-01T00:00:00","1944-02-05T00:00:00","1944-02-06T00:00:00",8640,5760,0
503,1,"1944-05-05T00:00:00","1944-05-06T00:00:00","1944-05-09T00:00:00","1944-05-10T00:00:00",7200,4320,0
504,1,"1944-06-25T00:00:00","1944-06-26T00:00:00","1944-06-29T00:00:00","1944-06-30T00:00:00",7200,4320,0
505,1,"1944-07-13T00:00:00","1944-07-14T00:00:00","1944-07-29T00:00:00","1944-07-30T00:00:00",24480,21600,0
506,1,"1944-07-14T05:15:00","1944-07-14T05:15:00","1944-07-14T22:00:00","1944-07-14T22:00:00",1005,1005,0
507,1,"1944-07-15T04:00:00","1944-07-15T04:00:00","1944-07-15T22:00:00","1944-07-15T22:00:00",1080,1080,0
508,1,"1944-07-29T00:00:00","1944-07-30T00:00:00","1944-07-31T00:00:00","1944-08-01T00:00:00",4320,1440,0
509,1,"1944-08-02T00:00:00","1944-08-03T00:00:00","1944-08-07T00:00:00","1944-08-08T00:00:00",8640,5760,0
510,1,"1944-08-20T00:00:00","1944-08-21T00:00:00","1944-08-29T00:00:00","1944-08-30T00:00:00",14400,11520,0
511,1,"1945-01-12T00:00:00","1945-01-13T00:00:00","1945-02-03T00:00:00","1945-02-04T00:00:00",33120,30240,0
512,1,"1945-01-13T00:00:00","1945-01-14T00:00:00","1945-01-31T00:00:00","1945-02-01T00:00:00",27360,24480,0
513,1,"1945-01-14T00:00:00","1945-01-15T00:00:00","1945-01-14T00:00:00","1945-01-15T00:00:00",1440,0,0
514,1,"1945-01-15T00:00:00","1945-01-16T00:00:00","1945-01-15T00:00:00","1945-01-16T00:00:00",1440,0,0
515,1,"1945-04-16T00:00:00","1945-04-17T00:00:00","1945-04-17T00:00:00","1945-04-18T00:00:00",2880,0,0
516,1,"1945-08-09T00:00:00","1945-08-10T00:00:00","1945-08-16T00:00:00","1945-08-17T00:00:00",11520,8640,0
517,1,"1943-11-20T09:10:00","1943-11-20T09:10:00","1943-11-20T19:00:00","1943-11-20T19:00:00",590,590,0
517,2,"1943-11-21T06:00:00","1943-11-21T06:00:00","1943-11-21T19:00:00","1943-11-21T19:00:00",780,780,0
517,3,"1943-11-22T08:00:00","1943-11-22T08:00:00","1943-11-23T04:00:00","1943-11-23T04:00:00",1200,1200,0
517,4,"1943-11-23T08:00:00","1943-11-23T08:00:00","1943-11-23T13:30:00","1943-11-23T13:30:00",330,330,0
518,1,"1945-02-20T00:00:00","1945-02-21T00:00:00","1945-02-24T00:00:00","1945-02-25T00:00:00",7200,4320,0
519,1,"1945-02-20T00:00:00","1945-02-21T00:00:00","1945-02-24T00:00:00","1945-02-25T00:00:00",7200,4320,0
520,1,"1945-03-11T00:00:00","1945-03-12T00:00:00","1945-03-16T00:00:00","1945-03-17T00:00:00",8640,5760,0
521,1,"1945-04-02T00:00:00","1945-04-03T00:00:00","1945-04-04T00:00:00","1945-04-05T00:00:00",4320,1440,0
522,1,"1945-04-05T00:00:00","1945-04-06T00:00:00","1945-04-08T00:00:00","1945-04-09T00:00:00",5760,2880,0
523,1,"1945-04-09T00:00:00","1945-04-10T00:00:00","1945-04-11T00:00:00","1945-04-12T00:00:00",4320,1440,0
524,1,"1945-04-19T00:00:00","1945-04-20T00:00:00","1945-04-23T00:00:00","1945-04-24T00:00:00",7200,4320,0
525,1,"1945-04-25T00:00:00","1945-04-26T00:00:00","1945-04-27T00:00:00","1945-04-28T00:00:00",4320,1440,0
526,1,"1945-04-28T00:00:00","1945-04-29T00:00:00","1945-04-29T00:00:00","1945-04-30T00:00:00",2880,0,0
527,1,"1945-04-30T00:00:00","1945-05-01T00:00:00","1945-05-03T00:00:00","1945-05-04T00:00:00",5760,2880,0
528,1,"1945-05-04T00:00:00","1945-05-05T00:00:00","1945-05-05T00:00:00","1945-05-06T00:00:00",2880,0,0
529,1,"1945-05-06T00:00:00","1945-05-07T00:00:00","1945-05-07T00:00:00","1945-05-08T00:00:00",2880,0,0
530,1,"1945-05-22T00:00:00","1945-05-23T00:00:00","1945-05-23T00:00:00","1945-05-24T00:00:00",2880,0,0
531,1,"1945-05-24T00:00:00","1945-05-25T00:00:00","1945-05-25T00:00:00","1945-05-26T00:00:00",2880,0,0
532,1,"1945-05-26T00:00:00","1945-05-27T00:00:00","1945-05-27T00:00:00","1945-05-28T00:00:00",2880,0,0
533,1,"1945-05-29T00:00:00","1945-05-30T00:00:00","1945-05-31T00:00:00","1945-06-01T00:00:00",4320,1440,0
534,1,"1945-06-06T00:00:00","1945-06-07T00:00:00","1945-06-08T00:00:00","1945-06-09T00:00:00",4320,1440,0
535,1,"1945-06-09T00:00:00","1945-06-10T00:00:00","1945-06-11T00:00:00","1945-06-12T00:00:00",4320,1440,0
536,1,"1945-06-12T00:00:00","1945-06-13T00:00:00","1945-06-12T00:00:00","1945-06-13T00:00:00",1440,0,0
537,1,"1945-06-15T00:00:00","1945-06-16T00:00:00","1945-06-17T00:00:00","1945-06-18T00:00:00",4320,1440,0
538,1,"1945-04-02T00:00:00","1945-04-03T00:00:00","1945-04-04T00:00:00","1945-04-05T00:00:00",4320,1440,0
539,1,"1945-04-05T00:00:00","1945-04-06T00:00:00","1945-04-08T00:00:00","1945-04-09T00:00:00",5760,2880,0
540,1,"1945-04-09T00:00:00","1945-04-10T00:00:00","1945-04-12T00:00:00","1945-04-13T00:00:00",5760,2880,0
541,1,"1945-04-19T00:00:00","1945-04-20T00:00:00","1945-04-23T00:00:00","1945-04-24T00:00:00",7200,4320,0
542,1,"1945-04-26T00:00:00","1945-04-27T00:00:00","1945-04-29T00:00:00","1945-04-30T00:00:00",5760,2880,0
543,1,"1945-05-11T00:00:00","1945-05-12T00:00:00","1945-05-13T00:00:00","1945-05-14T00:00:00",4320,1440,0
544,1,"1945-05-14T00:00:00","1945-05-15T00:00:00","1945-05-18T00:00:00","1945-05-19T00:00:00",7200,4320,0
545,1,"1945-05-20T00:00:00","1945-05-21T00:00:00","1945-05-21T00:00:00","1945-05-22T00:00:00",2880,0,0
546,1,"1945-06-06T00:00:00","1945-06-07T00:00:00","1945-06-09T00:00:00","1945-06-10T00:00:00",5760,2880,0
547,1,"1945-06-10T00:00:00","1945-06-11T00:00:00","1945-06-11T00:00:00","1945-06-12T00:00:00",2880,0,0
548,1,"1945-06-12T00:00:00","1945-06-13T00:00:00","1945-06-17T00:00:00","1945-06-18T00:00:00",8640,5760,0
549,1,"1967-06-05T15:00:00","1967-06-05T15:00:00","1967-06-06T00:00:00","1967-06-06T00:00:00",540,540,0
549,2,"1967-06-06T03:00:00","1967-06-06T03:00:00","1967-06-06T06:00:00","1967-06-06T06:00:00",180,180,0
550,1,"1967-06-05T16:00:00","1967-06-05T16:00:00","1967-06-05T23:00:00","1967-06-05T23:00:00",420,420,0
550,2,"1967-06-06T02:20:00","1967-06-06T02:20:00","1967-06-06T14:00:00","1967-06-06T14:00:00",700,700,0
550,3,"1967-06-06T18:00:00","1967-06-06T18:00:00","1967-06-07T00:00:00","1967-06-07T00:00:00",360,360,0
550,4,"1967-06-07T07:00:00","1967-06-07T07:00:00","1967-06-07T10:15:00","1967-06-07T10:15:00",195,195,0
551,1,"1967-06-06T06:00:00","1967-06-06T06:00:00","1967-06-06T20:00:00","1967-06-06T20:00:00",840,840,0
551,2,"1967-06-07T05:00:00","1967-06-07T05:00:00","1967-06-07T07:00:00","1967-06-07T07:00:00",120,120,0
552,1,"1967-06-06T10:15:00","1967-06-06T10:15:00","1967-06-06T20:00:00","1967-06-06T20:00:00",585,585,0
552,2,"1967-06-07T01:00:00","1967-06-07T01:00:00","1967-06-07T03:00:00","1967-06-07T03:00:00",120,120,0
553,1,"1967-06-07T12:30:00","1967-06-07T12:30:00","1967-06-07T18:30:00","1967-06-07T18:30:00",360,360,0
554,1,"1967-06-05T08:15:00","1967-06-05T08:15:00","1967-06-05T15:00:00","1967-06-05T15:00:00",405,405,0
554,2,"1967-06-05T20:30:00","1967-06-05T20:30:00","1967-06-05T23:30:00","1967-06-05T23:30:00",180,180,0
555,1,"1967-06-05T21:00:00","1967-06-05T21:00:00","1967-06-06T10:30:00","1967-06-06T10:30:00",810,810,0
556,1,"1967-06-05T20:00:00","1967-06-05T20:00:00","1967-06-06T05:00:00","1967-06-06T05:00:00",540,540,0
557,1,"1967-06-05T20:00:00","1967-06-05T20:00:00","1967-06-06T07:00:00","1967-06-06T07:00:00",660,660,0
558,1,"1967-06-06T19:00:00","1967-06-06T19:00:00","1967-06-06T22:30:00","1967-06-06T22:30:00",210,210,0
559,1,"1967-06-05T08:15:00","1967-06-05T08:15:00","1967-06-05T20:30:00","1967-06-05T20:30:00",735,735,0
559,2,"1967-06-06T05:00:00","1967-06-06T05:00:00","1967-06-06T20:30:00","1967-06-06T20:30:00",930,930,0
559,3,"1967-06-07T05:00:00","1967-06-07T05:00:00","1967-06-07T06:00:00","1967-06-07T06:00:00",60,60,0
560,1,"1967-06-07T05:15:00","1967-06-07T05:15:00","1967-06-07T11:00:00","1967-06-07T11:00:00",345,345,0
560,2,"1967-06-07T17:00:00","1967-06-07T17:00:00","1967-06-07T20:00:00","1967-06-07T20:00:00",180,180,0
561,1,"1967-06-07T18:00:00","1967-06-07T18:00:00","1967-06-08T04:30:00","1967-06-08T04:30:00",630,630,0
562,1,"1967-06-07T17:00:00","1967-06-07T17:00:00","1967-06-07T20:00:00","1967-06-07T20:00:00",180,180,0
563,1,"1967-06-08T10:00:00","1967-06-08T10:00:00","1967-06-08T14:30:00","1967-06-08T14:30:00",270,270,0
564,1,"1967-06-08T00:30:00","1967-06-08T00:30:00","1967-06-08T03:30:00","1967-06-08T03:30:00",180,180,0
565,1,"1967-06-09T11:30:00","1967-06-09T11:30:00","1967-06-10T00:00:00","1967-06-10T00:00:00",750,750,0
566,1,"1967-06-09T20:00:00","1967-06-09T20:00:00","1967-06-10T00:00:00","1967-06-10T00:00:00",240,240,0
567,1,"1967-06-09T11:30:00","1967-06-09T11:30:00","1967-06-09T20:00:00","1967-06-09T20:00:00",510,510,0
568,1,"1968-03-21T05:30:00","1968-03-21T05:30:00","1968-03-21T21:00:00","1968-03-21T21:00:00",930,930,0
569,1,"1973-10-06T14:05:00","1973-10-06T14:05:00","1973-10-07T00:15:00","1973-10-07T00:15:00",610,610,0
570,1,"1973-10-06T14:05:00","1973-10-06T14:05:00","1973-10-07T00:15:00","1973-10-07T00:15:00",610,610,0
571,1,"1973-10-07T00:30:00","1973-10-07T00:30:00","1973-10-07T23:00:00","1973-10-07T23:00:00",1350,1350,0
572,1,"1973-10-07T00:30:00","1973-10-07T00:30:00","1973-10-07T23:00:00","1973-10-07T23:00:00",1350,1350,0
573,1,"1973-10-08T08:00:00","1973-10-08T08:00:00","1973-10-08T19:00:00","1973-10-08T19:00:00",660,660,0
574,1,"1973-10-14T06:30:00","1973-10-14T06:30:00","1973-10-14T15:00:00","1973-10-14T15:00:00",510,510,0
575,1,"1973-10-14T06:30:00","1973-10-14T06:30:00","1973-10-14T15:00:00","1973-10-14T15:00:00",510,510,0
576,1,"1973-10-15T17:00:00","1973-10-15T17:00:00","1973-10-16T12:00:00","1973-10-16T12:00:00",1140,1140,0
577,1,"1973-10-16T12:00:00","1973-10-16T12:00:00","1973-10-16T13:30:00","1973-10-16T13:30:00",90,90,0
577,2,"1973-10-16T14:00:00","1973-10-16T14:00:00","1973-10-16T16:00:00","1973-10-16T16:00:00",120,120,0
577,3,"1973-10-17T02:30:00","1973-10-17T02:30:00","1973-10-17T17:00:00","1973-10-17T17:00:00",870,870,0
578,1,"1973-10-18T05:45:00","1973-10-18T05:45:00","1973-10-18T19:00:00","1973-10-18T19:00:00",795,795,0
579,1,"1973-10-19T06:00:00","1973-10-19T06:00:00","1973-10-19T18:30:00","1973-10-19T18:30:00",750,750,0
579,2,"1973-10-20T06:00:00","1973-10-20T06:00:00","1973-10-20T18:30:00","1973-10-20T18:30:00",750,750,0
579,3,"1973-10-21T06:00:00","1973-10-21T06:00:00","1973-10-21T18:30:00","1973-10-21T18:30:00",750,750,0
579,4,"1973-10-22T06:00:00","1973-10-22T06:00:00","1973-10-22T18:30:00","1973-10-22T18:30:00",750,750,0
580,1,"1973-10-19T06:30:00","1973-10-19T06:30:00","1973-10-19T18:30:00","1973-10-19T18:30:00",720,720,0
580,2,"1973-10-20T07:30:00","1973-10-20T07:30:00","1973-10-20T18:30:00","1973-10-20T18:30:00",660,660,0
580,3,"1973-10-21T06:00:00","1973-10-21T06:00:00","1973-10-21T17:00:00","1973-10-21T17:00:00",660,660,0
581,1,"1973-10-22T05:00:00","1973-10-22T05:00:00","1973-10-22T18:50:00","1973-10-22T18:50:00",830,830,0
582,1,"1973-10-23T06:30:00","1973-10-23T06:30:00","1973-10-23T19:30:00","1973-10-23T19:30:00",780,780,0
582,2,"1973-10-24T05:20:00","1973-10-24T05:20:00","1973-10-24T19:30:00","1973-10-24T19:30:00",850,850,0
583,1,"1973-10-23T15:00:00","1973-10-23T15:00:00","1973-10-23T19:30:00","1973-10-23T19:30:00",270,270,0
583,2,"1973-10-24T05:20:00","1973-10-24T05:20:00","1973-10-25T02:30:00","1973-10-25T02:30:00",1270,1270,0
584,1,"1973-10-23T00:00:00","1973-10-24T00:00:00","1973-10-24T00:00:00","1973-10-25T00:00:00",2880,0,0
585,1,"1973-10-06T00:00:00","1973-10-07T00:00:00","1973-10-07T00:00:00","1973-10-08T00:00:00",2880,0,0
586,1,"1973-10-06T14:05:00","1973-10-06T14:05:00","1973-10-07T05:00:00","1973-10-07T05:00:00",895,895,0
586,2,"1973-10-07T08:00:00","1973-10-07T08:00:00","1973-10-07T13:00:00","1973-10-07T13:00:00",300,300,0
586,3,"1973-10-07T22:00:00","1973-10-07T22:00:00","1973-10-08T01:00:00","1973-10-08T01:00:00",180,180,0
587,1,"1973-10-06T14:05:00","1973-10-06T14:05:00","1973-10-07T14:00:00","1973-10-07T14:00:00",1435,1435,0
588,1,"1973-10-07T00:00:00","1973-10-08T00:00:00","1973-10-08T00:00:00","1973-10-09T00:00:00",2880,0,0
589,1,"1973-10-07T13:15:00","1973-10-07T13:15:00","1973-10-07T18:30:00","1973-10-07T18:30:00",315,315,0
589,2,"1973-10-08T06:00:00","1973-10-08T06:00:00","1973-10-08T18:00:00","1973-10-08T18:00:00",720,720,0
590,1,"1973-10-08T00:00:00","1973-10-09T00:00:00","1973-10-10T00:00:00","1973-10-11T00:00:00",4320,1440,0
591,1,"1973-10-08T06:00:00","1973-10-08T06:00:00","1973-10-08T18:30:00","1973-10-08T18:30:00",750,750,0
591,2,"1973-10-09T06:00:00","1973-10-09T06:00:00","1973-10-09T18:30:00","1973-10-09T18:30:00",750,750,0
591,3,"1973-10-10T06:00:00","1973-10-10T06:00:00","1973-10-10T12:00:00","1973-10-10T12:00:00",360,360,0
592,1,"1973-10-08T00:00:00","1973-10-09T00:00:00","1973-10-09T00:00:00","1973-10-10T00:00:00",2880,0,0
593,1,"1973-10-08T00:00:00","1973-10-09T00:00:00","1973-10-08T00:00:00","1973-10-09T00:00:00",1440,0,0
594,1,"1973-10-11T11:00:00","1973-10-11T11:00:00","1973-10-11T16:00:00","1973-10-11T16:00:00",300,300,0
594,2,"1973-10-12T11:00:00","1973-10-12T11:00:00","1973-10-12T17:00:00","1973-10-12T17:00:00",360,360,0
594,3,"1973-10-13T16:30:00","1973-10-13T16:30:00","1973-10-13T21:00:00","1973-10-13T21:00:00",270,270,0
595,1,"1973-10-11T00:00:00","1973-10-12T00:00:00","1973-10-12T00:00:00","1973-10-13T00:00:00",2880,0,0
596,1,"1973-10-13T03:00:00","1973-10-13T03:00:00","1973-10-13T03:30:00","1973-10-13T03:30:00",30,30,0
597,1,"1973-10-15T16:00:00","1973-10-15T16:00:00","1973-10-15T19:00:00","1973-10-15T19:00:00",180,180,0
598,1,"1973-10-16T05:00:00","1973-10-16T05:00:00","1973-10-16T09:00:00","1973-10-16T09:00:00",240,240,0
598,2,"1973-10-16T10:00:00","1973-10-16T10:00:00","1973-10-16T10:30:00","1973-10-16T10:30:00",30,30,0
599,1,"1973-10-19T06:00:00","1973-10-19T06:00:00","1973-10-19T17:00:00","1973-10-19T17:00:00",660,660,0
600,1,"1973-10-21T14:00:00","1973-10-21T14:00:00","1973-10-21T16:00:00","1973-10-21T16:00:00",120,120,0
601,1,"1973-10-22T00:00:00","1973-10-23T00:00:00","1973-10-22T00:00:00","1973-10-23T00:00:00",1440,0,0
602,1,"1943-02-14T00:00:00","1943-02-15T00:00:00","1943-02-14T00:00:00","1943-02-15T00:00:00",1440,0,0
603,1,"1943-02-15T00:00:00","1943-02-16T00:00:00","1943-02-15T00:00:00","1943-02-16T00:00:00",1440,0,0
604,1,"1943-02-19T00:00:00","1943-02-20T00:00:00","1943-02-20T00:00:00","1943-02-21T00:00:00",2880,0,0
605,1,"1944-01-20T00:00:00","1944-01-21T00:00:00","1944-01-20T00:00:00","1944-01-21T00:00:00",1440,0,0
606,1,"1944-01-21T00:00:00","1944-01-22T00:00:00","1944-01-21T00:00:00","1944-01-22T00:00:00",1440,0,0
607,1,"1944-01-20T00:00:00","1944-01-21T00:00:00","1944-01-20T00:00:00","1944-01-21T00:00:00",1440,0,0
608,1,"1944-01-21T00:00:00","1944-01-22T00:00:00","1944-01-21T00:00:00","1944-01-22T00:00:00",1440,0,0
609,1,"1944-02-16T00:00:00","1944-02-17T00:00:00","1944-02-19T00:00:00","1944-02-20T00:00:00",5760,2880,0
610,1,"1944-02-16T00:00:00","1944-02-17T00:00:00","1944-02-17T00:00:00","1944-02-18T00:00:00",2880,0,0
611,1,"1944-02-16T00:00:00","1944-02-17T00:00:00","1944-02-19T00:00:00","1944-02-20T00:00:00",5760,2880,0
612,1,"1944-08-07T00:00:00","1944-08-08T00:00:00","1944-08-07T00:00:00","1944-08-08T00:00:00",1440,0,0
613,1,"1944-08-07T00:00:00","1944-08-08T00:00:00","1944-08-07T00:00:00","1944-08-08T00:00:00",1440,0,0
614,1,"1944-11-02T00:00:00","1944-11-03T00:00:00","1944-11-05T00:00:00","1944-11-06T00:00:00",5760,2880,0
615,1,"1944-11-02T00:00:00","1944-11-03T00:00:00","1944-11-03T00:00:00","1944-11-04T00:00:00",2880,0,0
616,1,"1944-11-02T00:00:00","1944-11-03T00:00:00","1944-11-04T00:00:00","1944-11-05T00:00:00",4320,1440,0
617,1,"1944-12-13T00:00:00","1944-12-14T00:00:00","1944-12-16T00:00:00","1944-12-17T00:00:00",5760,2880,0
618,1,"1944-12-17T00:00:00","1944-12-18T00:00:00","1944-12-17T00:00:00","1944-12-18T00:00:00",1440,0,0
619,1,"1944-12-17T00:00:00","1944-12-18T00:00:00","1944-12-19T00:00:00","1944-12-20T00:00:00",4320,1440,0
620,1,"1944-12-16T00:00:00","1944-12-17T00:00:00","1944-12-19T00:00:00","1944-12-20T00:00:00",5760,2880,0
621,1,"1944-12-16T00:00:00","1944-12-17T00:00:00","1944-12-16T00:00:00","1944-12-17T00:00:00",1440,0,0
622,1,"1944-12-16T00:00:00","1944-12-17T00:00:00","1944-12-16T00:00:00","1944-12-17T00:00:00",1440,0,0
623,1,"1944-12-16T00:00:00","1944-12-17T00:00:00","1944-12-19T00:00:00","1944-12-20T00:00:00",5760,2880,0
624,1,"1944-12-16T00:00:00","1944-12-17T00:00:00","1944-12-18T00:00:00","1944-12-19T00:00:00",4320,1440,0
625,1,"1944-12-16T00:00:00","1944-12-17T00:00:00","1944-12-17T00:00:00","1944-12-18T00:00:00",2880,0,0
626,1,"1950-09-16T00:00:00","1950-09-17T00:00:00","1950-09-17T00:00:00","1950-09-18T00:00:00",36,36,1
627,1,"1950-09-18T00:00:00","1950-09-19T00:00:00","1950-09-21T00:00:00","1950-09-22T00:00:00",5760,2880,0
628,1,"1950-09-22T00:00:00","1950-09-23T00:00:00","1950-09-24T00:00:00","1950-09-25T00:00:00",4320,1440,0
629,1,"1950-09-25T00:00:00","1950-09-26T00:00:00","1950-09-30T00:00:00","1950-10-01T00:00:00",8640,5760,0
630,1,"1951-02-07T00:00:00","1951-02-08T00:00:00","1951-02-11T00:00:00","1951-02-12T00:00:00",7200,4320,0
631,1,"1951-03-07T00:00:00","1951-03-08T00:00:00","1951-03-09T00:00:00","1951-03-10T00:00:00",4320,1440,0
632,1,"1951-04-03T00:00:00","1951-04-04T00:00:00","1951-04-05T00:00:00","1951-04-06T00:00:00",4320,1440,0
633,1,"1951-04-20T00:00:00","1951-04-21T00:00:00","1951-04-23T00:00:00","1951-04-24T00:00:00",5760,2880,0
634,1,"1951-04-23T00:00:00","1951-04-24T00:00:00","1951-04-27T00:00:00","1951-04-28T00:00:00",7200,4320,0
635,1,"1951-06-01T00:00:00","1951-06-02T00:00:00","1951-06-02T00:00:00","1951-06-03T00:00:00",2880,0,0
636,1,"1951-06-03T00:00:00","1951-06-04T00:00:00","1951-06-04T00:00:00","1951-06-05T00:00:00",2880,0,0
637,1,"1944-05-01T00:00:00","1944-05-02T00:00:00","1944-05-01T00:00:00","1944-05-02T00:00:00",1440,0,0
638,1,"1948-06-06T00:00:00","1948-06-07T00:00:00","1948-06-10T00:00:00","1948-06-11T00:00:00",7200,4320,0
639,1,"1948-07-09T00:00:00","1948-07-10T00:00:00","1948-07-14T00:00:00","1948-07-15T00:00:00",8640,5760,0
640,1,"1948-10-28T00:00:00","1948-10-29T00:00:00","1948-10-30T00:00:00","1948-10-31T00:00:00",4320,1440,0
641,1,"1967-06-10T00:00:00","1967-06-11T00:00:00","1967-06-10T00:00:00","1967-06-11T00:00:00",1440,0,0
642,1,"1967-06-10T00:00:00","1967-06-11T00:00:00","1967-06-10T00:00:00","1967-06-11T00:00:00",1440,0,0
643,1,"1967-06-10T00:00:00","1967-06-11T00:00:00","1967-06-10T00:00:00","1967-06-11T00:00:00",1440,0,0
644,1,"1944-05-03T00:00:00","1944-05-04T00:00:00","1944-05-04T00:00:00","1944-05-05T00:00:00",2880,0,0
645,1,"1982-06-08T00:00:00","1982-06-09T00:00:00","1982-06-10T00:00:00","1982-06-11T00:00:00",4320,1440,0
646,1,"1948-05-13T00:00:00","1948-05-14T00:00:00","1948-05-14T00:00:00","1948-05-15T00:00:00",2880,0,0
647,1,"1948-07-14T00:00:00","1948-07-15T00:00:00","1948-07-18T00:00:00","1948-07-19T00:00:00",7200,4320,0
648,1,"1948-12-25T00:00:00","1948-12-26T00:00:00","1948-12-27T00:00:00","1948-12-28T00:00:00",4320,1440,0
649,1,"1948-12-28T00:00:00","1948-12-29T00:00:00","1949-01-06T00:00:00","1949-01-07T00:00:00",14400,11520,0
650,1,"1956-10-30T00:00:00","1956-10-31T00:00:00","1956-11-01T00:00:00","1956-11-02T00:00:00",4320,1440,0
651,1,"1956-11-01T00:00:00","1956-11-02T00:00:00","1956-11-02T00:00:00","1956-11-03T00:00:00",2880,0,0
652,1,"1956-11-01T00:00:00","1956-11-02T00:00:00","1956-11-01T00:00:00","1956-11-02T00:00:00",1440,0,0
653,1,"1956-11-02T00:00:00","1956-11-03T00:00:00","1956-11-02T00:00:00","1956-11-03T00:00:00",20,20,1
654,1,"1972-03-30T00:00:00","1972-03-31T00:00:00","1972-04-28T00:00:00","1972-04-29T00:00:00",43200,40320,0
655,1,"1948-04-21T00:00:00","1948-04-22T00:00:00","1948-05-30T00:00:00","1948-05-31T00:00:00",57600,54720,0
656,1,"1948-07-09T00:00:00","1948-07-10T00:00:00","1948-07-13T00:00:00","1948-07-14T00:00:00",7200,4320,0
657,1,"1940-05-10T00:00:00","1940-05-11T00:00:00","1940-05-21T00:00:00","1940-05-22T00:00:00",17280,14400,0
658,1,"1940-05-13T00:00:00","1940-05-14T00:00:00","1940-05-17T00:00:00","1940-05-18T00:00:00",7200,4320,0
659,1,"1940-05-21T00:00:00","1940-05-22T00:00:00","1940-05-22T00:00:00","1940-05-23T00:00:00",2880,0,0
660,1,"1940-06-01T00:00:00","1940-06-02T00:00:00","1940-06-01T00:00:00","1940-06-02T00:00:00",1440,0,0
