"isqno","datetime_min","datetime_max","datetime","duration1","duration2"
1,"1600-07-02T14:30:00","1600-07-02T19:30:00","1600-07-02T17:00:00",1,0.25
2,"1620-11-08T12:00:00","1620-11-08T13:00:00","1620-11-08T12:30:00",1,0.05
3,"1622-05-06T03:30:00","1622-05-06T19:00:00","1622-05-06T11:15:00",1.4375,0.575
4,"1626-04-25T00:00:00","1626-04-26T00:00:00","1626-04-25T12:00:00",2,0.6
5,"1626-08-27T00:00:00","1626-08-28T00:00:00","1626-08-27T12:00:00",2,0.6
6,"1631-09-17T14:30:00","1631-09-17T18:30:00","1631-09-17T16:30:00",1,0.2
7,"1632-04-15T00:00:00","1632-04-17T00:00:00","1632-04-16T00:00:00",2,1.2
8,"1632-09-03T10:00:00","1632-09-04T11:00:00","1632-09-03T22:30:00",2,0.55
9,"1632-11-16T11:00:00","1632-11-16T20:00:00","1632-11-16T15:30:00",1,0.45
10,"1634-09-06T05:30:00","1634-09-06T12:30:00","1634-09-06T09:00:00",1,0.35
11,"1636-10-04T00:00:00","1636-10-05T00:00:00","1636-10-04T12:00:00",2,0.6
12,"1642-11-02T07:00:00","1642-11-02T10:00:00","1642-11-02T08:30:00",1,0.15
13,"1643-05-19T03:30:00","1643-05-19T10:00:00","1643-05-19T06:45:00",1,0.325
14,"1643-11-24T00:00:00","1643-11-25T00:00:00","1643-11-24T12:00:00",2,0.6
15,"1644-08-03T17:00:00","1644-08-10T00:00:00","1644-08-06T20:30:00",7.29166666666667,0.575
16,"1645-03-06T00:00:00","1645-03-07T00:00:00","1645-03-06T12:00:00",2,0.6
17,"1645-05-02T00:00:00","1645-05-03T00:00:00","1645-05-02T12:00:00",2,0.6
18,"1645-08-03T17:00:00","1645-08-03T20:00:00","1645-08-03T18:30:00",1,0.15
19,"1648-08-10T05:00:00","1648-08-10T11:00:00","1648-08-10T08:00:00",1.14583333333333,0.15
20,"1642-10-23T15:00:00","1642-10-23T18:00:00","1642-10-23T16:30:00",1,0.15
21,"1644-07-02T19:00:00","1644-07-02T22:00:00","1644-07-02T20:30:00",1,0.15
22,"1644-09-01T00:00:00","1644-09-02T00:00:00","1644-09-01T12:00:00",2,0.6
23,"1644-08-15T00:00:00","1644-08-16T00:00:00","1644-08-15T12:00:00",2,0.6
24,"1644-10-27T06:00:00","1644-10-27T17:00:00","1644-10-27T11:30:00",1.375,0.2
25,"1645-06-14T10:00:00","1645-06-14T13:00:00","1645-06-14T11:30:00",1,0.15
26,"1648-08-17T00:00:00","1648-08-19T00:00:00","1648-08-18T00:00:00",2,1.2
27,"1650-09-03T04:00:00","1650-09-03T06:00:00","1650-09-03T05:00:00",1,0.1
28,"1651-09-03T14:30:00","1651-09-03T18:00:00","1651-09-03T16:15:00",1,0.175
29,"1652-07-05T08:00:00","1652-07-05T14:00:00","1652-07-05T11:00:00",1,0.3
30,"1658-06-14T08:00:00","1658-06-14T12:00:00","1658-06-14T10:00:00",1,0.2
31,"1664-08-01T06:00:00","1664-08-01T14:00:00","1664-08-01T10:00:00",1,0.4
32,"1683-09-12T05:30:00","1683-09-12T18:00:00","1683-09-12T11:45:00",1,0.625
33,"1673-11-11T00:00:00","1673-11-12T00:00:00","1673-11-11T12:00:00",2,0.6
34,"1674-06-16T00:00:00","1674-06-17T00:00:00","1674-06-16T12:00:00",2,0.15
35,"1674-08-11T10:00:00","1674-08-12T00:00:00","1674-08-11T17:00:00",1,0.7
36,"1674-10-04T00:00:00","1674-10-05T00:00:00","1674-10-04T12:00:00",2,0.35
37,"1675-01-05T00:00:00","1675-01-06T00:00:00","1675-01-05T12:00:00",2,0.6
38,"1675-06-28T08:00:00","1675-06-28T10:00:00","1675-06-28T09:00:00",1,0.1
39,"1685-07-06T03:00:00","1685-07-06T05:00:00","1685-07-06T04:00:00",1,0.1
40,"1689-07-27T19:45:00","1689-07-27T21:00:00","1689-07-27T20:22:30",1,0.0625
41,"1689-08-25T09:00:00","1689-08-25T18:30:00","1689-08-25T13:45:00",1,0.475
42,"1690-07-01T00:00:00","1690-07-02T00:00:00","1690-07-01T12:00:00",2,0.6
43,"1690-07-11T11:00:00","1690-07-11T14:00:00","1690-07-11T12:30:00",1,0.15
44,"1691-07-22T14:00:00","1691-07-22T20:00:00","1691-07-22T17:00:00",1,0.3
45,"1692-08-03T12:00:00","1692-08-03T19:00:00","1692-08-03T15:30:00",1,0.35
46,"1693-07-29T04:00:00","1693-07-29T15:00:00","1693-07-29T09:30:00",1,0.55
47,"1693-10-04T00:00:00","1693-10-05T00:00:00","1693-10-04T12:00:00",2,0.225
48,"1697-09-11T15:00:00","1697-09-11T19:30:00","1697-09-11T17:15:00",1,0.225
49,"1709-06-28T00:00:00","1709-06-29T00:00:00","1709-06-28T12:00:00",2,0.6
50,"1704-08-13T12:30:00","1704-08-13T21:00:00","1704-08-13T16:45:00",1,0.425
51,"1706-05-23T13:00:00","1706-05-23T19:00:00","1706-05-23T16:00:00",1,0.3
52,"1708-07-11T15:00:00","1708-07-11T21:00:00","1708-07-11T18:00:00",1,0.3
53,"1709-09-11T08:00:00","1709-09-11T15:00:00","1709-09-11T11:30:00",1,0.35
54,"1716-08-05T07:00:00","1716-08-05T12:00:00","1716-08-05T09:30:00",1,0.25
55,"1741-04-10T12:00:00","1741-04-10T18:45:00","1741-04-10T15:22:30",1,0.3375
56,"1742-05-17T08:00:00","1742-05-17T12:00:00","1742-05-17T10:00:00",1,0.2
57,"1743-06-27T00:00:00","1743-06-28T00:00:00","1743-06-27T12:00:00",2,0.6
58,"1745-05-11T05:00:00","1745-05-11T13:00:00","1745-05-11T09:00:00",1,0.4
59,"1745-06-04T04:00:00","1745-06-04T11:00:00","1745-06-04T07:30:00",1,0.35
60,"1745-09-30T07:00:00","1745-09-30T11:00:00","1745-09-30T09:00:00",1,0.2
61,"1745-12-14T14:00:00","1745-12-14T17:00:00","1745-12-14T15:30:00",1,0.15
62,"1745-09-21T04:30:00","1745-09-21T04:40:00","1745-09-21T04:35:00",1,0.00833333333333333
63,"1746-04-16T13:10:00","1746-04-16T13:50:00","1746-04-16T13:30:00",1,0.0333333333333333
64,"1756-10-01T11:00:00","1756-10-01T15:00:00","1756-10-01T13:00:00",1,0.2
65,"1757-05-06T11:00:00","1757-05-06T15:00:00","1757-05-06T13:00:00",1,0.2
66,"1757-06-23T08:00:00","1757-06-23T17:00:00","1757-06-23T12:30:00",1,0.45
67,"1757-06-18T14:00:00","1757-06-18T21:00:00","1757-06-18T17:30:00",1,0.35
68,"1757-07-26T09:00:00","1757-07-26T16:00:00","1757-07-26T12:30:00",1,0.35
69,"1757-11-05T15:30:00","1757-11-05T17:00:00","1757-11-05T16:15:00",1,0.075
70,"1757-12-05T13:00:00","1757-12-05T16:00:00","1757-12-05T14:30:00",1,0.15
71,"1758-06-23T13:00:00","1758-06-23T18:00:00","1758-06-23T15:30:00",1,0.25
72,"1758-08-25T10:00:00","1758-08-25T19:30:00","1758-08-25T14:45:00",1,0.475
73,"1758-10-14T05:00:00","1758-10-14T08:00:00","1758-10-14T06:30:00",1,0.15
74,"1759-04-13T00:00:00","1759-04-14T00:00:00","1759-04-13T12:00:00",2,0.6
75,"1759-08-01T06:00:00","1759-08-01T11:00:00","1759-08-01T08:30:00",1,0.25
76,"1759-08-12T11:30:00","1759-08-12T17:30:00","1759-08-12T14:30:00",1,0.3
77,"1759-09-13T10:00:00","1759-09-13T10:15:00","1759-09-13T10:07:30",1,0.0125
78,"1759-11-20T11:00:00","1759-11-20T17:30:00","1759-11-20T14:15:00",1,0.325
79,"1760-07-31T00:00:00","1760-08-01T00:00:00","1760-07-31T12:00:00",2,0.6
80,"1760-08-15T05:00:00","1760-08-15T07:00:00","1760-08-15T06:00:00",1,0.1
81,"1760-11-03T14:00:00","1760-11-03T22:00:00","1760-11-03T18:00:00",1,0.4
82,"1775-06-17T15:00:00","1775-06-17T19:00:00","1775-06-17T17:00:00",1,0.2
83,"1776-01-01T04:00:00","1776-01-01T09:00:00","1776-01-01T06:30:00",1,0.25
84,"1776-10-28T08:00:00","1776-10-28T17:00:00","1776-10-28T12:30:00",1,0.45
85,"1776-12-26T08:00:00","1776-12-26T09:30:00","1776-12-26T08:45:00",1,0.075
86,"1777-01-03T08:00:00","1777-01-03T08:15:00","1777-01-03T08:07:30",1,0.0125
87,"1777-09-19T12:45:00","1777-09-19T19:15:00","1777-09-19T16:00:00",1,0.325
88,"1777-10-04T06:00:00","1777-10-04T10:00:00","1777-10-04T08:00:00",1,0.2
89,"1777-10-07T14:30:00","1777-10-07T15:22:00","1777-10-07T14:56:00",1,0.0433333333333333
90,"1778-06-28T10:00:00","1778-06-28T17:00:00","1778-06-28T13:30:00",1,0.35
91,"1780-08-16T02:00:00","1780-08-16T13:00:00","1780-08-16T07:30:00",1.10416666666667,0.441666666666667
92,"1781-01-17T07:00:00","1781-01-17T08:00:00","1781-01-17T07:30:00",1,0.05
93,"1781-03-15T13:30:00","1781-03-15T15:30:00","1781-03-15T14:30:00",1,0.1
94,"1781-04-25T10:00:00","1781-04-25T16:00:00","1781-04-25T13:00:00",1,0.3
95,"1781-09-08T09:05:00","1781-09-08T13:00:00","1781-09-08T11:02:30",1,0.195833333333333
96,"1792-09-20T12:10:00","1792-09-20T17:00:00","1792-09-20T14:35:00",1,0.241666666666667
97,"1792-11-06T00:00:00","1792-11-07T00:00:00","1792-11-06T12:00:00",2,0.6
98,"1793-03-18T00:00:00","1793-03-19T00:00:00","1793-03-18T12:00:00",2,0.6
99,"1793-09-06T00:00:00","1793-09-07T00:00:00","1793-09-06T12:00:00",2,0.6
100,"1793-10-15T00:00:00","1793-10-17T00:00:00","1793-10-16T00:00:00",2,1.2
101,"1794-06-26T04:00:00","1794-06-26T10:00:00","1794-06-26T07:00:00",1,0.3
102,"1796-05-10T18:30:00","1796-05-10T20:00:00","1796-05-10T19:15:00",1,0.075
103,"1796-08-05T00:00:00","1796-08-06T00:00:00","1796-08-05T12:00:00",2,0.6
104,"1796-08-11T00:00:00","1796-08-12T00:00:00","1796-08-11T12:00:00",2,0.6
105,"1796-09-03T09:00:00","1796-09-03T19:20:00","1796-09-03T14:10:00",1,0.516666666666667
106,"1796-11-15T00:00:00","1796-11-18T00:00:00","1796-11-16T12:00:00",2,2
107,"1797-01-14T00:00:00","1797-01-16T00:00:00","1797-01-15T00:00:00",2,1.2
108,"1798-07-21T15:30:00","1798-07-21T16:30:00","1798-07-21T16:00:00",1,0.05
109,"1799-03-25T05:00:00","1799-03-25T20:00:00","1799-03-25T12:30:00",1,0.75
110,"1799-04-16T06:30:00","1799-04-16T16:30:00","1799-04-16T11:30:00",1,0.5
111,"1799-06-04T00:00:00","1799-06-05T00:00:00","1799-06-04T12:00:00",2,0.6
112,"1799-08-15T03:00:00","1799-08-15T20:00:00","1799-08-15T11:30:00",1.54166666666667,0.7
113,"1799-09-24T00:00:00","1799-09-26T00:00:00","1799-09-25T00:00:00",2,1.2
114,"1800-05-05T00:00:00","1800-05-06T00:00:00","1800-05-05T12:00:00",2,0.6
115,"1800-06-14T09:00:00","1800-06-14T21:00:00","1800-06-14T15:00:00",1.16666666666667,0.55
116,"1800-12-03T08:00:00","1800-12-03T17:30:00","1800-12-03T12:45:00",1,0.475
117,"1805-12-02T08:00:00","1805-12-02T17:00:00","1805-12-02T12:30:00",1,0.45
118,"1806-10-14T06:00:00","1806-10-14T15:15:00","1806-10-14T10:37:30",1,0.4625
119,"1806-10-14T08:00:00","1806-10-14T16:00:00","1806-10-14T12:00:00",1,0.4
120,"1807-02-08T08:00:00","1807-02-08T22:00:00","1807-02-08T15:00:00",1,0.7
121,"1807-06-14T17:30:00","1807-06-14T23:00:00","1807-06-14T20:15:00",1,0.275
122,"1808-08-21T10:00:00","1808-08-21T19:30:00","1808-08-21T14:45:00",1,0.475
123,"1809-01-16T14:00:00","1809-01-16T18:00:00","1809-01-16T16:00:00",1,0.2
124,"1809-04-22T13:30:00","1809-04-22T19:30:00","1809-04-22T16:30:00",1,0.3
125,"1809-05-21T13:00:00","1809-05-22T15:00:00","1809-05-22T02:00:00",1.875,0.775
126,"1809-06-14T14:00:00","1809-06-14T17:00:00","1809-06-14T15:30:00",1,0.15
127,"1809-07-05T19:00:00","1809-07-06T14:00:00","1809-07-06T04:30:00",1.375,0.575
128,"1809-07-28T05:00:00","1809-07-28T18:00:00","1809-07-28T11:30:00",1.35416666666667,0.258333333333333
129,"1810-09-27T05:45:00","1810-09-27T14:00:00","1810-09-27T09:52:30",1,0.4125
130,"1811-05-05T07:00:00","1811-05-05T14:00:00","1811-05-05T10:30:00",1,0.35
131,"1811-05-16T09:00:00","1811-05-16T14:50:00","1811-05-16T11:55:00",1,0.291666666666667
132,"1812-07-22T17:00:00","1812-07-22T20:45:00","1812-07-22T18:52:30",1,0.1875
133,"1813-06-21T08:30:00","1813-06-21T19:30:00","1813-06-21T14:00:00",1,0.55
134,"1812-09-07T06:00:00","1812-09-07T18:00:00","1812-09-07T12:00:00",1,0.6
135,"1813-05-02T11:45:00","1813-05-02T21:00:00","1813-05-02T16:22:30",1,0.4625
136,"1813-05-20T15:00:00","1813-05-21T17:00:00","1813-05-21T04:00:00",1.58333333333333,0.85
137,"1813-08-26T05:00:00","1813-08-27T16:00:00","1813-08-26T22:30:00",2.04166666666667,1.1
138,"1813-10-16T08:30:00","1813-10-19T14:00:00","1813-10-17T23:15:00",4.0625,1.175
139,"1813-10-30T09:00:00","1813-10-31T11:00:00","1813-10-30T22:00:00",1.91666666666667,0.625
140,"1814-02-01T13:00:00","1814-02-01T20:00:00","1814-02-01T16:30:00",1,0.35
141,"1814-03-09T06:00:00","1814-03-10T17:00:00","1814-03-09T23:30:00",2,1.25
142,"1814-03-20T14:00:00","1814-03-21T18:00:00","1814-03-21T04:00:00",2.04166666666667,0.425
143,"1815-06-16T14:00:00","1815-06-16T21:30:00","1815-06-16T17:45:00",1,0.375
144,"1815-06-16T14:30:00","1815-06-16T21:30:00","1815-06-16T18:00:00",1,0.35
145,"1815-06-18T11:30:00","1815-06-18T21:30:00","1815-06-18T16:30:00",1,0.5
146,"1813-10-05T14:00:00","1813-10-05T14:10:00","1813-10-05T14:05:00",1,0.00833333333333333
147,"1814-07-05T17:00:00","1814-07-05T18:00:00","1814-07-05T17:30:00",1,0.05
148,"1814-07-25T18:00:00","1814-07-26T00:00:00","1814-07-25T21:00:00",1,0.3
149,"1815-01-08T06:00:00","1815-01-08T06:45:00","1815-01-08T06:22:30",1,0.0375
150,"1819-08-07T00:00:00","1819-08-08T00:00:00","1819-08-07T12:00:00",2,0.6
151,"1821-06-25T00:00:00","1821-06-26T00:00:00","1821-06-25T12:00:00",2,0.6
152,"1822-04-07T00:00:00","1822-04-08T00:00:00","1822-04-07T12:00:00",2,0.6
153,"1822-05-24T09:00:00","1822-05-24T12:00:00","1822-05-24T10:30:00",1,0.15
154,"1824-08-06T00:00:00","1824-08-07T00:00:00","1824-08-06T12:00:00",2,0.6
155,"1824-12-09T09:00:00","1824-12-09T19:00:00","1824-12-09T14:00:00",1,0.5
156,"1836-04-21T16:30:00","1836-04-21T16:48:00","1836-04-21T16:39:00",1,0.015
157,"1846-05-08T14:30:00","1846-05-08T19:30:00","1846-05-08T17:00:00",1,0.25
158,"1846-05-09T16:00:00","1846-05-09T17:30:00","1846-05-09T16:45:00",1,0.075
159,"1847-02-22T15:00:00","1847-02-23T18:45:00","1847-02-23T04:52:30",1.625,0.825
160,"1847-04-17T12:00:00","1847-04-18T12:00:00","1847-04-18T00:00:00",1.79166666666667,0.6
161,"1847-08-20T05:45:00","1847-08-20T06:02:00","1847-08-20T05:53:30",1,0.0141666666666667
162,"1847-08-20T08:00:00","1847-08-20T15:30:00","1847-08-20T11:45:00",1.1875,0.175
163,"1847-09-08T05:00:00","1847-09-08T07:00:00","1847-09-08T06:00:00",1,0.1
164,"1847-09-13T05:50:00","1847-09-13T18:50:00","1847-09-13T12:20:00",1,0.65
165,"1854-09-20T14:30:00","1854-09-20T17:30:00","1854-09-20T16:00:00",1,0.15
166,"1854-11-05T05:45:00","1854-11-05T13:00:00","1854-11-05T09:22:30",1,0.3625
167,"1859-06-04T10:30:00","1859-06-04T19:30:00","1859-06-04T15:00:00",1,0.45
168,"1859-06-24T07:00:00","1859-06-24T18:30:00","1859-06-24T12:45:00",1,0.575
169,"1866-07-03T09:00:00","1866-07-03T17:00:00","1866-07-03T13:00:00",1,0.4
170,"1866-06-24T08:00:00","1866-06-24T17:00:00","1866-06-24T12:30:00",1,0.45
171,"1861-07-21T09:00:00","1861-07-21T16:00:00","1861-07-21T12:30:00",1,0.35
172,"1861-08-10T05:30:00","1861-08-10T11:30:00","1861-08-10T08:30:00",1,0.3
173,"1861-11-07T10:30:00","1861-11-07T16:50:00","1861-11-07T13:40:00",1,0.316666666666667
174,"1862-01-19T05:30:00","1862-01-19T16:00:00","1862-01-19T10:45:00",1,0.525
175,"1862-02-15T05:50:00","1862-02-15T15:30:00","1862-02-15T10:40:00",1,0.483333333333333
176,"1862-03-07T10:30:00","1862-03-08T11:30:00","1862-03-07T23:00:00",1.83333333333333,0.65
177,"1862-03-23T06:00:00","1862-03-23T18:00:00","1862-03-23T12:00:00",1.33333333333333,0.3
178,"1862-04-06T05:00:00","1862-04-07T16:00:00","1862-04-06T22:30:00",2.10416666666667,1.075
179,"1862-05-23T14:00:00","1862-05-23T17:30:00","1862-05-23T15:45:00",1,0.175
180,"1862-05-25T06:00:00","1862-05-25T07:30:00","1862-05-25T06:45:00",1,0.075
181,"1862-06-08T09:00:00","1862-06-08T12:00:00","1862-06-08T10:30:00",1,0.15
182,"1862-06-09T07:00:00","1862-06-09T11:00:00","1862-06-09T09:00:00",1,0.2
183,"1862-05-31T13:00:00","1862-06-01T13:30:00","1862-06-01T01:15:00",1.72916666666667,0.675
184,"1862-06-26T15:00:00","1862-06-26T21:00:00","1862-06-26T18:00:00",1,0.3
185,"1862-06-27T12:30:00","1862-06-27T21:00:00","1862-06-27T16:45:00",1.25,0.4
186,"1862-06-29T09:00:00","1862-06-30T21:00:00","1862-06-30T03:00:00",2.3125,0.5
187,"1862-07-01T15:00:00","1862-07-01T20:30:00","1862-07-01T17:45:00",1.125,0.175
188,"1862-08-09T15:00:00","1862-08-09T21:30:00","1862-08-09T18:15:00",1,0.325
189,"1862-08-29T05:30:00","1862-08-30T20:00:00","1862-08-30T00:45:00",2.27083333333333,1.125
190,"1862-09-14T09:00:00","1862-09-14T22:00:00","1862-09-14T15:30:00",1,0.65
191,"1862-09-17T05:30:00","1862-09-17T16:30:00","1862-09-17T11:00:00",1,0.55
192,"1862-10-03T10:00:00","1862-10-04T13:00:00","1862-10-03T23:30:00",1.95833333333333,0.525
193,"1862-10-08T14:00:00","1862-10-08T18:00:00","1862-10-08T16:00:00",1,0.2
194,"1862-12-13T11:00:00","1862-12-13T16:00:00","1862-12-13T13:30:00",1,0.25
195,"1862-12-31T07:00:00","1863-01-02T22:00:00","1863-01-01T14:30:00",3.375,0.75
196,"1863-05-01T11:15:00","1863-05-04T20:30:00","1863-05-03T03:52:30",4.28125,1.1125
197,"1863-05-16T10:30:00","1863-05-16T16:00:00","1863-05-16T13:15:00",1,0.275
198,"1863-06-09T04:00:00","1863-06-09T16:00:00","1863-06-09T10:00:00",1,0.6
199,"1863-07-01T10:00:00","1863-07-03T15:00:00","1863-07-02T12:30:00",3.125,0.95
200,"1863-09-19T05:30:00","1863-09-20T19:00:00","1863-09-20T00:15:00",2.14583333333333,1.15
201,"1863-11-24T10:00:00","1863-11-25T18:00:00","1863-11-25T02:00:00",1.875,0.65
202,"1864-05-05T07:15:00","1864-05-06T20:00:00","1864-05-06T01:37:30",1.90625,1.3875
203,"1864-05-08T00:00:00","1864-05-19T00:00:00","1864-05-13T12:00:00",2,2
204,"1864-05-15T05:00:00","1864-05-15T16:00:00","1864-05-15T10:30:00",1,0.55
205,"1864-06-03T04:30:00","1864-06-03T13:30:00","1864-06-03T09:00:00",1,0.45
206,"1864-06-27T09:00:00","1864-06-27T11:30:00","1864-06-27T10:15:00",1,0.125
207,"1864-07-20T15:00:00","1864-07-20T18:00:00","1864-07-20T16:30:00",1,0.15
208,"1864-07-22T12:30:00","1864-07-22T19:30:00","1864-07-22T16:00:00",1,0.35
209,"1864-06-15T19:00:00","1864-06-18T20:30:00","1864-06-17T07:45:00",3.875,2.075
210,"1864-08-18T00:00:00","1864-08-22T00:00:00","1864-08-20T00:00:00",2,2
211,"1864-09-19T05:00:00","1864-09-19T17:00:00","1864-09-19T11:00:00",1,0.6
212,"1864-10-19T05:30:00","1864-10-19T18:00:00","1864-10-19T11:45:00",1.4375,0.425
213,"1864-11-30T15:30:00","1864-11-30T23:00:00","1864-11-30T19:15:00",1,0.375
214,"1864-12-15T08:00:00","1864-12-16T16:45:00","1864-12-16T00:22:30",2.29166666666667,0.575
215,"1865-03-19T06:00:00","1865-03-21T08:00:00","1865-03-20T07:00:00",3,0.75
216,"1865-03-29T00:00:00","1865-04-01T00:00:00","1865-03-30T12:00:00",2,2
217,"1865-04-01T16:00:00","1865-04-01T19:30:00","1865-04-01T17:45:00",1,0.175
218,"1865-04-02T00:00:00","1865-04-03T00:00:00","1865-04-02T12:00:00",2,0.6
219,"1865-04-06T08:30:00","1865-04-06T19:30:00","1865-04-06T14:00:00",1,0.55
220,"1870-08-04T08:30:00","1870-08-04T15:00:00","1870-08-04T11:45:00",1,0.325
221,"1870-08-06T08:00:00","1870-08-06T17:00:00","1870-08-06T12:30:00",1,0.45
222,"1870-08-06T05:00:00","1870-08-06T18:00:00","1870-08-06T11:30:00",1,0.65
223,"1870-08-16T10:00:00","1870-08-16T22:00:00","1870-08-16T16:00:00",1,0.6
224,"1870-08-18T11:30:00","1870-08-18T20:00:00","1870-08-18T15:45:00",1,0.425
225,"1870-09-01T04:00:00","1870-09-01T17:00:00","1870-09-01T10:30:00",1,0.65
226,"1870-11-09T09:00:00","1870-11-09T16:00:00","1870-11-09T12:30:00",1,0.35
227,"1870-12-02T00:00:00","1870-12-05T00:00:00","1870-12-03T12:00:00",2,2
228,"1871-01-11T09:00:00","1871-01-12T17:00:00","1871-01-12T01:00:00",1.95833333333333,0.85
229,"1871-01-15T00:00:00","1871-01-18T00:00:00","1871-01-16T12:00:00",2,2
230,"1879-01-22T12:00:00","1879-01-22T16:00:00","1879-01-22T14:00:00",1,0.2
231,"1879-07-04T08:00:00","1879-07-04T09:00:00","1879-07-04T08:30:00",1,0.05
232,"1881-02-27T12:30:00","1881-02-27T13:30:00","1881-02-27T13:00:00",1,0.05
233,"1882-09-13T04:55:00","1882-09-13T07:00:00","1882-09-13T05:57:30",1,0.104166666666667
234,"1898-09-02T06:30:00","1898-09-02T11:30:00","1898-09-02T09:00:00",1,0.25
235,"1896-03-01T00:00:00","1896-03-02T00:00:00","1896-03-01T12:00:00",2,0.6
236,"1899-11-28T05:30:00","1899-11-28T15:30:00","1899-11-28T10:30:00",1,0.5
237,"1899-12-11T05:00:00","1899-12-11T14:00:00","1899-12-11T09:30:00",1,0.45
238,"1899-12-15T06:30:00","1899-12-15T17:00:00","1899-12-15T11:45:00",1,0.525
239,"1900-01-24T08:00:00","1900-01-24T19:00:00","1900-01-24T13:30:00",1,0.55
240,"1900-02-18T08:00:00","1900-02-18T19:00:00","1900-02-18T13:30:00",1.38541666666667,0.3625
241,"1898-07-01T06:30:00","1898-07-01T17:00:00","1898-07-01T11:45:00",1,0.525
242,"1904-04-30T04:00:00","1904-05-01T13:00:00","1904-04-30T20:30:00",2.04166666666667,1.2
243,"1904-06-14T12:00:00","1904-06-15T15:00:00","1904-06-15T01:30:00",1.72222222222222,0.833333333333333
244,"1904-08-25T00:00:00","1904-09-04T00:00:00","1904-08-30T00:00:00",2,2
245,"1904-10-05T00:00:00","1904-10-19T00:00:00","1904-10-12T00:00:00",2,2
246,"1905-01-26T10:30:00","1905-01-27T21:30:00","1905-01-27T04:00:00",1.77083333333333,1.2125
247,"1905-02-21T00:00:00","1905-03-11T00:00:00","1905-03-02T00:00:00",2,2
248,"1912-10-23T05:30:00","1912-10-24T12:30:00","1912-10-23T21:00:00",2,1.15
249,"1912-10-28T00:00:00","1912-11-02T00:00:00","1912-10-30T12:00:00",2,2
250,"1912-11-01T00:00:00","1912-11-03T00:00:00","1912-11-02T00:00:00",2,1.2
251,"1912-11-05T00:00:00","1912-11-06T00:00:00","1912-11-05T12:00:00",2,0.6
252,"1913-03-23T00:00:00","1913-03-26T00:00:00","1913-03-24T12:00:00",2,2
253,"1920-08-14T00:00:00","1920-08-26T00:00:00","1920-08-20T00:00:00",2,2
254,"1920-09-23T00:00:00","1920-09-29T00:00:00","1920-09-26T00:00:00",2,2
255,"1937-03-11T00:00:00","1937-03-16T00:00:00","1937-03-13T12:00:00",2,2
256,"1938-07-31T02:00:00","1938-07-31T08:00:00","1938-07-31T05:00:00",1,0.3
257,"1938-08-02T08:00:00","1938-08-03T06:30:00","1938-08-02T19:15:00",1.875,0.65
258,"1938-08-06T00:00:00","1938-08-11T00:00:00","1938-08-08T12:00:00",2,2
259,"1939-05-28T00:00:00","1939-05-30T00:00:00","1939-05-29T00:00:00",2,1.2
260,"1939-08-20T00:00:00","1939-09-01T00:00:00","1939-08-26T00:00:00",2,2
261,"1939-12-11T00:00:00","1940-01-09T00:00:00","1939-12-25T12:00:00",2,2
262,"1914-08-15T00:00:00","1914-08-20T00:00:00","1914-08-17T12:00:00",2,2
263,"1914-08-20T00:00:00","1914-08-22T00:00:00","1914-08-21T00:00:00",2,1.2
264,"1914-08-22T00:00:00","1914-08-24T00:00:00","1914-08-23T00:00:00",2,1.2
265,"1914-08-22T00:00:00","1914-08-24T00:00:00","1914-08-23T00:00:00",2,1.2
266,"1914-08-23T09:00:00","1914-08-23T23:00:00","1914-08-23T16:00:00",1,0.7
267,"1914-08-26T06:00:00","1914-08-26T18:00:00","1914-08-26T12:00:00",1,0.6
268,"1914-08-29T09:00:00","1914-08-29T23:00:00","1914-08-29T16:00:00",1,0.7
269,"1914-09-03T00:00:00","1914-09-08T00:00:00","1914-09-05T12:00:00",2,2
270,"1914-09-05T00:00:00","1914-09-06T00:00:00","1914-09-05T12:00:00",2,0.6
271,"1914-09-06T00:00:00","1914-09-10T00:00:00","1914-09-08T00:00:00",2,2
272,"1914-09-06T00:00:00","1914-09-10T00:00:00","1914-09-08T00:00:00",2,2
273,"1914-09-06T00:00:00","1914-09-10T00:00:00","1914-09-08T00:00:00",2,2
274,"1914-09-06T00:00:00","1914-09-10T00:00:00","1914-09-08T00:00:00",2,2
275,"1914-09-06T00:00:00","1914-09-10T00:00:00","1914-09-08T00:00:00",2,2
276,"1914-09-06T00:00:00","1914-09-10T00:00:00","1914-09-08T00:00:00",2,2
277,"1914-09-13T00:00:00","1914-09-19T00:00:00","1914-09-16T00:00:00",2,2
278,"1914-08-17T11:00:00","1914-08-17T20:00:00","1914-08-17T15:30:00",1,0.45
279,"1914-08-20T04:00:00","1914-08-20T16:00:00","1914-08-20T10:00:00",1,0.6
280,"1914-08-26T00:00:00","1914-08-30T00:00:00","1914-08-28T00:00:00",2,2
281,"1914-09-09T00:00:00","1914-09-14T00:00:00","1914-09-11T12:00:00",2,2
282,"1914-08-23T00:00:00","1914-08-26T00:00:00","1914-08-24T12:00:00",2,2
283,"1914-08-26T00:00:00","1914-08-31T00:00:00","1914-08-28T12:00:00",2,2
284,"1914-08-26T00:00:00","1914-08-31T00:00:00","1914-08-28T12:00:00",2,2
285,"1914-09-03T00:00:00","1914-09-11T00:00:00","1914-09-07T00:00:00",2,2
286,"1914-11-12T00:00:00","1914-11-25T00:00:00","1914-11-18T12:00:00",2,2
287,"1914-08-12T00:00:00","1914-08-20T00:00:00","1914-08-16T00:00:00",2,2
288,"1914-12-03T00:00:00","1914-12-10T00:00:00","1914-12-06T12:00:00",2,2
289,"1915-02-15T00:00:00","1915-03-17T00:00:00","1915-03-02T00:00:00",2,2
290,"1915-03-10T08:30:00","1915-03-13T10:30:00","1915-03-11T21:30:00",4.04166666666667,0.908333333333333
291,"1915-04-22T00:00:00","1915-05-25T00:00:00","1915-05-08T12:00:00",2,2
292,"1915-05-16T00:00:00","1915-05-27T00:00:00","1915-05-21T12:00:00",2,2
293,"1915-09-25T00:00:00","1915-10-15T00:00:00","1915-10-05T00:00:00",2,2
294,"1915-02-07T00:00:00","1915-02-22T00:00:00","1915-02-14T12:00:00",2,2
295,"1915-05-02T00:00:00","1915-05-05T00:00:00","1915-05-03T12:00:00",2,2
296,"1915-06-23T00:00:00","1915-07-08T00:00:00","1915-06-30T12:00:00",2,2
297,"1915-07-18T00:00:00","1915-08-04T00:00:00","1915-07-26T12:00:00",2,2
298,"1915-10-18T00:00:00","1915-11-05T00:00:00","1915-10-27T00:00:00",2,2
299,"1915-11-10T00:00:00","1915-12-03T00:00:00","1915-11-21T12:00:00",2,2
300,"1915-04-25T04:30:00","1915-04-25T22:00:00","1915-04-25T13:15:00",1.64583333333333,0.825
301,"1915-08-07T00:00:00","1915-08-11T00:00:00","1915-08-09T00:00:00",2,2
302,"1915-09-27T00:00:00","1915-09-29T00:00:00","1915-09-28T00:00:00",2,1.2
303,"1915-11-22T00:00:00","1915-11-25T00:00:00","1915-11-23T12:00:00",2,2
304,"1916-07-01T00:00:00","1916-11-25T00:00:00","1916-09-12T12:00:00",125,125
305,"1916-07-01T07:30:00","1916-07-01T20:30:00","1916-07-01T14:00:00",1,0.65
306,"1916-07-01T07:30:00","1916-07-01T19:30:00","1916-07-01T13:30:00",1,0.6
307,"1916-07-14T03:30:00","1916-07-14T20:00:00","1916-07-14T11:45:00",1,0.825
308,"1916-09-15T06:20:00","1916-09-15T21:25:00","1916-09-15T13:52:30",1,0.754166666666667
309,"1916-01-10T00:00:00","1916-01-17T00:00:00","1916-01-13T12:00:00",2,2
310,"1916-03-18T00:00:00","1916-03-27T00:00:00","1916-03-22T12:00:00",2,2
311,"1916-06-04T00:00:00","1916-07-08T00:00:00","1916-06-21T00:00:00",2,2
312,"1916-03-11T00:00:00","1916-03-16T00:00:00","1916-03-13T12:00:00",2,2
313,"1916-05-15T00:00:00","1916-06-11T00:00:00","1916-05-28T12:00:00",2,2
314,"1916-06-16T00:00:00","1916-07-10T00:00:00","1916-06-28T00:00:00",2,2
315,"1916-08-06T00:00:00","1916-08-18T00:00:00","1916-08-12T00:00:00",2,2
316,"1917-04-09T00:00:00","1917-04-24T00:00:00","1917-04-16T12:00:00",2,2
317,"1917-04-16T00:00:00","1917-05-01T00:00:00","1917-04-23T12:00:00",2,2
318,"1917-06-07T00:00:00","1917-06-15T00:00:00","1917-06-11T00:00:00",2,2
319,"1917-07-31T00:00:00","1917-12-08T00:00:00","1917-10-04T00:00:00",2,2
320,"1917-11-20T00:00:00","1917-11-27T00:00:00","1917-11-23T12:00:00",2,2
321,"1917-11-30T00:00:00","1917-12-04T00:00:00","1917-12-02T00:00:00",2,2
322,"1917-05-12T00:00:00","1917-06-06T00:00:00","1917-05-24T12:00:00",2,2
323,"1917-08-18T00:00:00","1917-09-16T00:00:00","1917-09-01T12:00:00",2,2
324,"1917-10-24T00:00:00","1917-11-24T00:00:00","1917-11-08T12:00:00",2,2
325,"1917-02-22T10:00:00","1917-02-24T19:00:00","1917-02-23T14:30:00",2.84375,1.7875
326,"1917-03-26T11:45:00","1917-03-27T20:00:00","1917-03-27T03:52:30",2.30208333333333,0.5875
327,"1917-04-17T04:15:00","1917-04-19T17:00:00","1917-04-18T10:37:30",3.09375,0.6625
328,"1917-10-31T00:00:00","1917-11-07T00:00:00","1917-11-03T12:00:00",2,2
329,"1917-11-13T00:00:00","1917-11-15T00:00:00","1917-11-14T00:00:00",2,1.2
330,"1918-03-21T00:00:00","1918-03-27T00:00:00","1918-03-24T00:00:00",2,2
331,"1918-03-27T00:00:00","1918-04-10T00:00:00","1918-04-03T00:00:00",2,2
332,"1918-04-09T00:00:00","1918-05-01T00:00:00","1918-04-20T00:00:00",2,2
333,"1918-04-14T00:30:00","1918-04-14T02:30:00","1918-04-14T01:30:00",1,0.1
334,"1918-05-27T00:00:00","1918-06-04T00:00:00","1918-05-31T00:00:00",2,2
335,"1918-05-28T06:45:00","1918-05-28T19:00:00","1918-05-28T12:52:30",1.48958333333333,0.129166666666667
336,"1918-06-06T03:45:00","1918-06-06T21:00:00","1918-06-06T12:22:30",1.55208333333333,0.6375
337,"1918-06-06T03:45:00","1918-06-06T12:30:00","1918-06-06T08:07:30",1,0.4375
338,"1918-06-06T17:00:00","1918-06-06T21:00:00","1918-06-06T19:00:00",1,0.2
339,"1918-06-06T17:00:00","1918-06-06T21:30:00","1918-06-06T19:15:00",1,0.225
340,"1918-06-06T17:00:00","1918-06-07T03:00:00","1918-06-06T22:00:00",1,0.5
341,"1918-06-11T04:30:00","1918-06-11T09:00:00","1918-06-11T06:45:00",1,0.225
342,"1918-06-12T17:30:00","1918-06-12T20:30:00","1918-06-12T19:00:00",1,0.15
343,"1918-06-13T03:00:00","1918-06-13T05:30:00","1918-06-13T04:15:00",1,0.125
344,"1918-06-21T03:15:00","1918-06-21T04:30:00","1918-06-21T03:52:30",1,0.0625
345,"1918-06-23T19:00:00","1918-06-23T23:20:00","1918-06-23T21:10:00",1,0.216666666666667
346,"1918-06-25T17:00:00","1918-06-26T06:00:00","1918-06-25T23:30:00",1,0.65
347,"1918-07-01T17:00:00","1918-07-02T02:30:00","1918-07-01T21:45:00",1,0.475
348,"1918-07-01T18:00:00","1918-07-02T02:30:00","1918-07-01T22:15:00",1,0.425
349,"1918-07-01T17:00:00","1918-07-02T03:00:00","1918-07-01T22:00:00",1,0.5
350,"1918-06-09T00:00:00","1918-06-14T00:00:00","1918-06-11T12:00:00",2,2
351,"1918-07-15T00:00:00","1918-07-18T00:00:00","1918-07-16T12:00:00",2,2
352,"1918-07-18T00:00:00","1918-07-20T00:00:00","1918-07-19T00:00:00",2,1.2
353,"1918-07-18T04:35:00","1918-07-18T16:00:00","1918-07-18T10:17:30",1,0.570833333333333
354,"1918-07-18T04:35:00","1918-07-18T16:00:00","1918-07-18T10:17:30",1,0.570833333333333
355,"1918-07-18T04:35:00","1918-07-18T09:30:00","1918-07-18T07:02:30",1,0.245833333333333
356,"1918-07-18T04:35:00","1918-07-18T09:30:00","1918-07-18T07:02:30",1,0.245833333333333
357,"1918-07-18T04:35:00","1918-07-18T11:00:00","1918-07-18T07:47:30",1,0.320833333333333
358,"1918-07-18T04:35:00","1918-07-18T08:00:00","1918-07-18T06:17:30",1,0.170833333333333
359,"1918-07-20T00:00:00","1918-08-02T00:00:00","1918-07-26T12:00:00",2,2
360,"1918-07-21T08:30:00","1918-07-21T09:15:00","1918-07-21T08:52:30",1,0.0375
361,"1918-07-21T00:00:00","1918-07-22T00:00:00","1918-07-21T12:00:00",2,0.6
362,"1918-08-08T00:00:00","1918-08-12T00:00:00","1918-08-10T00:00:00",2,2
363,"1918-08-21T00:00:00","1918-09-05T00:00:00","1918-08-28T12:00:00",2,2
364,"1918-09-12T00:00:00","1918-09-16T00:00:00","1918-09-14T00:00:00",2,2
365,"1918-09-12T05:00:00","1918-09-12T17:30:00","1918-09-12T11:15:00",1,0.625
366,"1918-09-26T00:00:00","1918-10-04T00:00:00","1918-09-30T00:00:00",2,2
367,"1918-10-03T00:00:00","1918-10-07T00:00:00","1918-10-05T00:00:00",2,2
368,"1918-10-03T05:50:00","1918-10-03T08:40:00","1918-10-03T07:15:00",1,0.141666666666667
369,"1918-10-03T00:00:00","1918-10-04T00:00:00","1918-10-03T12:00:00",2,0.6
370,"1918-10-03T05:50:00","1918-10-03T09:30:00","1918-10-03T07:40:00",1,0.183333333333333
371,"1918-10-03T05:50:00","1918-10-03T09:30:00","1918-10-03T07:40:00",1,0.183333333333333
372,"1918-10-08T00:00:00","1918-10-09T00:00:00","1918-10-08T12:00:00",2,0.6
373,"1918-10-04T00:00:00","1918-11-01T00:00:00","1918-10-18T00:00:00",2,2
374,"1918-10-04T05:30:00","1918-10-04T18:30:00","1918-10-04T12:00:00",1.5,0.125
375,"1918-10-04T05:30:00","1918-10-04T17:30:00","1918-10-04T11:30:00",1,0.6
376,"1918-10-04T00:00:00","1918-10-05T00:00:00","1918-10-04T12:00:00",2,0.6
377,"1918-10-04T05:30:00","1918-10-04T07:00:00","1918-10-04T06:15:00",1,0.075
378,"1918-10-05T06:30:00","1918-10-05T17:30:00","1918-10-05T12:00:00",1,0.55
379,"1918-10-05T00:00:00","1918-10-06T00:00:00","1918-10-05T12:00:00",2,0.6
380,"1918-10-09T08:30:00","1918-10-09T11:00:00","1918-10-09T09:45:00",1,0.125
381,"1918-11-01T00:00:00","1918-11-12T00:00:00","1918-11-06T12:00:00",2,2
382,"1918-11-07T02:00:00","1918-11-07T06:00:00","1918-11-07T04:00:00",1,0.2
383,"1918-11-07T07:30:00","1918-11-07T11:00:00","1918-11-07T09:15:00",1,0.175
384,"1918-06-15T00:00:00","1918-06-23T00:00:00","1918-06-19T00:00:00",2,2
385,"1918-09-19T00:00:00","1918-09-21T00:00:00","1918-09-20T00:00:00",2,1.2
386,"1942-08-31T01:30:00","1942-09-02T19:00:00","1942-09-01T10:15:00",3.14583333333333,1.7625
387,"1942-10-23T00:00:00","1942-11-05T00:00:00","1942-10-29T12:00:00",2,2
388,"1942-10-23T00:00:00","1942-10-26T00:00:00","1942-10-24T12:00:00",2,2
389,"1942-10-26T00:00:00","1942-11-02T00:00:00","1942-10-29T12:00:00",2,2
390,"1942-11-02T00:00:00","1942-11-05T00:00:00","1942-11-03T12:00:00",2,2
391,"1942-11-26T05:30:00","1942-11-26T06:00:00","1942-11-26T05:45:00",1,0.025
392,"1943-03-23T05:00:00","1943-03-23T19:00:00","1943-03-23T12:00:00",1.48958333333333,0.2625
393,"1943-04-23T00:00:00","1943-05-07T00:00:00","1943-04-30T00:00:00",2,2
394,"1943-09-09T00:00:00","1943-09-12T00:00:00","1943-09-10T12:00:00",2,2
395,"1943-09-09T00:00:00","1943-09-12T00:00:00","1943-09-10T12:00:00",2,2
396,"1943-09-11T10:00:00","1943-09-12T00:00:00","1943-09-11T17:00:00",1,0.7
397,"1943-09-12T00:00:00","1943-09-16T00:00:00","1943-09-14T00:00:00",2,2
398,"1943-09-12T00:00:00","1943-09-16T00:00:00","1943-09-14T00:00:00",2,2
399,"1943-09-13T13:10:00","1943-09-14T14:30:00","1943-09-14T01:50:00",1.88888888888889,0.541666666666667
400,"1943-09-17T00:00:00","1943-09-19T00:00:00","1943-09-18T00:00:00",2,1.2
401,"1943-09-17T00:00:00","1943-09-19T00:00:00","1943-09-18T00:00:00",2,1.2
402,"1943-09-17T00:00:00","1943-09-19T00:00:00","1943-09-18T00:00:00",2,1.2
403,"1943-10-12T00:00:00","1943-10-15T00:00:00","1943-10-13T12:00:00",2,2
404,"1943-10-13T02:00:00","1943-10-14T17:30:00","1943-10-13T21:45:00",2.17708333333333,1.1875
405,"1943-10-13T00:00:00","1943-10-14T00:00:00","1943-10-13T12:00:00",2,0.6
406,"1943-10-13T00:00:00","1943-10-15T00:00:00","1943-10-14T00:00:00",2,1.2
407,"1943-10-13T00:00:00","1943-10-15T00:00:00","1943-10-14T00:00:00",2,1.2
408,"1943-10-13T02:00:00","1943-10-15T00:00:00","1943-10-14T01:00:00",2.61458333333333,1.1875
409,"1943-10-15T00:00:00","1943-10-18T00:00:00","1943-10-16T12:00:00",2,2
410,"1943-10-17T00:00:00","1943-10-19T00:00:00","1943-10-18T00:00:00",2,1.2
411,"1943-10-16T00:00:00","1943-10-18T00:00:00","1943-10-17T00:00:00",2,1.2
412,"1943-10-18T00:00:00","1943-10-21T00:00:00","1943-10-19T12:00:00",2,2
413,"1943-10-20T00:00:00","1943-10-23T00:00:00","1943-10-21T12:00:00",2,2
414,"1943-11-04T00:00:00","1943-11-06T00:00:00","1943-11-05T00:00:00",2,1.2
415,"1943-11-05T00:00:00","1943-11-08T00:00:00","1943-11-06T12:00:00",2,2
416,"1943-11-06T00:00:00","1943-11-08T00:00:00","1943-11-07T00:00:00",2,1.2
417,"1943-11-06T00:00:00","1943-11-08T00:00:00","1943-11-07T00:00:00",2,1.2
418,"1943-11-08T00:00:00","1943-11-11T00:00:00","1943-11-09T12:00:00",2,2
419,"1943-11-08T00:00:00","1943-11-11T00:00:00","1943-11-09T12:00:00",2,2
420,"1943-12-01T17:00:00","1943-12-02T17:00:00","1943-12-02T05:00:00",1.5625,1.175
421,"1943-12-02T18:00:00","1943-12-06T06:00:00","1943-12-04T12:00:00",1,1
422,"1943-12-02T16:30:00","1943-12-03T17:00:00","1943-12-03T04:45:00",1,1
423,"1944-01-25T00:00:00","1944-01-27T00:00:00","1944-01-26T00:00:00",2,1.2
424,"1944-01-27T00:00:00","1944-01-28T00:00:00","1944-01-27T12:00:00",2,0.6
425,"1944-01-29T23:00:00","1944-01-31T18:00:00","1944-01-30T20:30:00",2.47916666666667,0.941666666666667
426,"1944-02-03T15:00:00","1944-02-05T05:00:00","1944-02-04T10:00:00",2.25,1.475
427,"1944-02-07T22:00:00","1944-02-08T18:00:00","1944-02-08T08:00:00",1,1
428,"1944-02-07T00:00:00","1944-02-10T00:00:00","1944-02-08T12:00:00",2,2
429,,"1944-02-09T13:00:00",,,
430,"1944-02-11T06:30:00","1944-02-12T06:30:00","1944-02-11T18:30:00",1.8125,0.725
431,"1944-02-16T06:00:00","1944-02-19T16:20:00","1944-02-17T23:10:00",4.3125,2.45833333333333
432,"1944-02-16T00:00:00","1944-02-20T00:00:00","1944-02-18T00:00:00",2,2
433,"1944-02-21T00:00:00","1944-02-24T00:00:00","1944-02-22T12:00:00",2,2
434,"1944-05-11T23:00:00","1944-05-14T04:00:00","1944-05-13T01:30:00",2.72916666666667,1.225
435,,"1944-05-13T20:00:00",,,
436,"1944-05-14T15:00:00","1944-05-16T00:00:00","1944-05-15T07:30:00",1.75,1.05
437,"1944-05-14T04:00:00","1944-05-15T09:00:00","1944-05-14T18:30:00",2.08333333333333,0.55
438,"1944-05-16T00:00:00","1944-05-19T00:00:00","1944-05-17T12:00:00",2,2
439,"1944-05-17T14:30:00","1944-05-19T06:00:00","1944-05-18T10:15:00",1,1
440,"1944-05-20T00:00:00","1944-05-23T00:00:00","1944-05-21T12:00:00",2,2
441,"1944-05-22T14:00:00","1944-05-24T08:30:00","1944-05-23T11:15:00",1.79166666666667,1.625
442,"1944-05-23T06:00:00","1944-05-24T11:00:00","1944-05-23T20:30:00",1.63194444444444,0.966666666666667
443,"1944-05-23T00:00:00","1944-05-25T00:00:00","1944-05-24T00:00:00",2,1.2
444,"1944-05-23T06:30:00","1944-05-25T19:30:00","1944-05-24T13:00:00",2.97916666666667,2.025
445,"1944-05-23T06:30:00","1944-05-25T19:30:00","1944-05-24T13:00:00",2.89583333333333,2
446,"1944-05-25T00:00:00","1944-05-28T00:00:00","1944-05-26T12:00:00",2,2
447,"1944-05-26T13:00:00","1944-05-26T19:30:00","1944-05-26T16:15:00",1,0.325
448,"1944-05-26T00:00:00","1944-05-29T00:00:00","1944-05-27T12:00:00",2,2
449,"1944-05-27T00:00:00","1944-05-29T00:00:00","1944-05-28T00:00:00",2,1.2
450,"1944-05-28T00:00:00","1944-05-31T00:00:00","1944-05-29T12:00:00",2,2
451,"1944-05-29T00:00:00","1944-06-01T00:00:00","1944-05-30T12:00:00",2,2
452,"1944-05-29T00:00:00","1944-06-02T00:00:00","1944-05-31T00:00:00",2,2
453,"1944-06-01T05:00:00","1944-06-02T16:30:00","1944-06-01T22:45:00",1.97916666666667,1.325
454,"1944-06-01T05:30:00","1944-06-02T22:40:00","1944-06-02T02:05:00",2.02083333333333,1.50833333333333
455,"1944-06-01T05:00:00","1944-06-02T21:00:00","1944-06-02T01:00:00",2.04166666666667,1.55
456,"1944-06-03T00:00:00","1944-06-05T00:00:00","1944-06-04T00:00:00",2,1.2
457,"1944-09-13T00:00:00","1944-09-18T00:00:00","1944-09-15T12:00:00",2,2
458,"1944-07-11T00:00:00","1944-07-19T00:00:00","1944-07-15T00:00:00",2,2
459,"1944-07-18T07:45:00","1944-07-20T16:00:00","1944-07-19T11:52:30",2.90625,1.4875
460,"1944-07-24T00:00:00","1944-07-27T00:00:00","1944-07-25T12:00:00",2,2
461,"1944-08-07T00:01:00","1944-08-13T00:00:00","1944-08-10T00:00:30",1,1
462,"1944-08-16T00:00:00","1944-08-17T00:00:00","1944-08-16T12:00:00",2,0.6
463,"1944-08-23T00:00:00","1944-08-26T00:00:00","1944-08-24T12:00:00",2,2
464,"1944-08-23T00:00:00","1944-08-26T00:00:00","1944-08-24T12:00:00",2,2
465,"1944-09-06T00:00:00","1944-09-12T00:00:00","1944-09-09T00:00:00",2,2
466,"1944-09-13T00:00:00","1944-09-14T00:00:00","1944-09-13T12:00:00",2,0.6
467,"1944-09-19T07:30:00","1944-09-22T16:40:00","1944-09-21T00:05:00",4.09375,1.07083333333333
468,"1944-10-02T11:00:00","1944-10-07T18:30:00","1944-10-05T02:45:00",5.91666666666667,3.25416666666667
469,"1944-11-02T00:00:00","1944-11-14T00:00:00","1944-11-08T00:00:00",2,2
470,"1944-11-08T00:00:00","1944-11-13T00:00:00","1944-11-10T12:00:00",2,2
471,"1944-11-10T00:00:00","1944-11-12T00:00:00","1944-11-11T00:00:00",2,1.2
472,"1944-11-13T00:00:00","1944-11-16T00:00:00","1944-11-14T12:00:00",2,2
473,"1944-11-13T00:00:00","1944-11-17T00:00:00","1944-11-15T00:00:00",2,2
474,"1944-11-14T08:45:00","1944-11-15T12:00:00","1944-11-14T22:22:30",1.76041666666667,0.8875
475,"1944-11-20T00:00:00","1944-11-28T00:00:00","1944-11-24T00:00:00",2,2
476,"1944-11-24T00:00:00","1944-11-26T00:00:00","1944-11-25T00:00:00",2,1.2
477,"1944-11-26T10:45:00","1944-11-26T17:30:00","1944-11-26T14:07:30",1,0.3375
478,"1944-11-27T00:00:00","1944-11-30T00:00:00","1944-11-28T12:00:00",2,2
479,"1944-11-28T00:00:00","1944-11-30T00:00:00","1944-11-29T00:00:00",2,1.2
480,"1944-12-01T00:00:00","1944-12-03T00:00:00","1944-12-02T00:00:00",2,1.2
481,"1944-12-06T00:00:00","1944-12-08T00:00:00","1944-12-07T00:00:00",2,1.2
482,"1944-12-06T08:30:00","1944-12-06T20:00:00","1944-12-06T14:15:00",1,0.575
483,"1944-12-16T00:00:00","1944-12-18T00:00:00","1944-12-17T00:00:00",2,1.2
484,"1944-12-17T00:00:00","1944-12-23T00:00:00","1944-12-20T00:00:00",2,2
485,"1944-12-18T00:00:00","1944-12-21T00:00:00","1944-12-19T12:00:00",2,2
486,"1940-05-13T00:00:00","1940-05-15T00:00:00","1940-05-14T00:00:00",2,1.2
487,"1941-12-12T03:00:00","1941-12-12T22:00:00","1941-12-12T12:30:00",1.25,0.75
488,"1941-06-22T00:00:00","1941-06-27T00:00:00","1941-06-24T12:00:00",2,2
489,"1941-09-30T00:00:00","1941-12-04T00:00:00","1941-11-01T12:00:00",2,2
490,"1941-12-05T00:00:00","1942-01-08T00:00:00","1941-12-22T00:00:00",2,2
491,"1942-08-04T07:45:00","1942-08-11T21:00:00","1942-08-08T02:22:30",7.85416666666667,5.86666666666667
492,"1943-01-12T00:00:00","1943-01-19T00:00:00","1943-01-15T12:00:00",2,2
493,"1943-07-04T00:00:00","1943-07-07T00:00:00","1943-07-05T12:00:00",2,2
494,"1943-07-05T00:00:00","1943-07-06T00:00:00","1943-07-05T12:00:00",2,0.6
495,"1943-07-07T00:00:00","1943-07-11T00:00:00","1943-07-09T00:00:00",2,2
496,"1943-07-11T00:00:00","1943-07-16T00:00:00","1943-07-13T12:00:00",2,2
497,"1943-07-12T00:00:00","1943-07-14T00:00:00","1943-07-13T00:00:00",2,1.2
498,"1943-08-03T00:00:00","1943-08-24T00:00:00","1943-08-13T12:00:00",2,2
499,"1943-08-03T00:00:00","1943-08-06T00:00:00","1943-08-04T12:00:00",2,2
500,"1943-09-26T00:00:00","1943-11-06T00:00:00","1943-10-16T12:00:00",2,2
501,"1944-01-24T00:00:00","1944-02-18T00:00:00","1944-02-05T12:00:00",2,2
502,"1944-01-31T00:00:00","1944-02-06T00:00:00","1944-02-03T00:00:00",2,2
503,"1944-05-05T00:00:00","1944-05-10T00:00:00","1944-05-07T12:00:00",2,2
504,"1944-06-25T00:00:00","1944-06-30T00:00:00","1944-06-27T12:00:00",2,2
505,"1944-07-13T00:00:00","1944-07-30T00:00:00","1944-07-21T12:00:00",2,2
506,"1944-07-14T05:15:00","1944-07-14T22:00:00","1944-07-14T13:37:30",1,0.8375
507,"1944-07-15T04:00:00","1944-07-15T22:00:00","1944-07-15T13:00:00",1,0.9
508,"1944-07-29T00:00:00","1944-08-01T00:00:00","1944-07-30T12:00:00",2,2
509,"1944-08-02T00:00:00","1944-08-08T00:00:00","1944-08-05T00:00:00",2,2
510,"1944-08-20T00:00:00","1944-08-30T00:00:00","1944-08-25T00:00:00",2,2
511,"1945-01-12T00:00:00","1945-02-04T00:00:00","1945-01-23T12:00:00",2,2
512,"1945-01-13T00:00:00","1945-02-01T00:00:00","1945-01-22T12:00:00",2,2
513,"1945-01-14T00:00:00","1945-01-15T00:00:00","1945-01-14T12:00:00",2,0.6
514,"1945-01-15T00:00:00","1945-01-16T00:00:00","1945-01-15T12:00:00",2,0.6
515,"1945-04-16T00:00:00","1945-04-18T00:00:00","1945-04-17T00:00:00",2,1.2
516,"1945-08-09T00:00:00","1945-08-17T00:00:00","1945-08-13T00:00:00",2,2
517,"1943-11-20T09:10:00","1943-11-23T13:30:00","1943-11-21T23:20:00",3.95138888888889,2.41666666666667
518,"1945-02-20T00:00:00","1945-02-25T00:00:00","1945-02-22T12:00:00",2,2
519,"1945-02-20T00:00:00","1945-02-25T00:00:00","1945-02-22T12:00:00",2,2
520,"1945-03-11T00:00:00","1945-03-17T00:00:00","1945-03-14T00:00:00",2,2
521,"1945-04-02T00:00:00","1945-04-05T00:00:00","1945-04-03T12:00:00",2,2
522,"1945-04-05T00:00:00","1945-04-09T00:00:00","1945-04-07T00:00:00",2,2
523,"1945-04-09T00:00:00","1945-04-12T00:00:00","1945-04-10T12:00:00",2,2
524,"1945-04-19T00:00:00","1945-04-24T00:00:00","1945-04-21T12:00:00",2,2
525,"1945-04-25T00:00:00","1945-04-28T00:00:00","1945-04-26T12:00:00",2,2
526,"1945-04-28T00:00:00","1945-04-30T00:00:00","1945-04-29T00:00:00",2,1.2
527,"1945-04-30T00:00:00","1945-05-04T00:00:00","1945-05-02T00:00:00",2,2
528,"1945-05-04T00:00:00","1945-05-06T00:00:00","1945-05-05T00:00:00",2,1.2
529,"1945-05-06T00:00:00","1945-05-08T00:00:00","1945-05-07T00:00:00",2,1.2
530,"1945-05-22T00:00:00","1945-05-24T00:00:00","1945-05-23T00:00:00",2,1.2
531,"1945-05-24T00:00:00","1945-05-26T00:00:00","1945-05-25T00:00:00",2,1.2
532,"1945-05-26T00:00:00","1945-05-28T00:00:00","1945-05-27T00:00:00",2,1.2
533,"1945-05-29T00:00:00","1945-06-01T00:00:00","1945-05-30T12:00:00",2,2
534,"1945-06-06T00:00:00","1945-06-09T00:00:00","1945-06-07T12:00:00",2,2
535,"1945-06-09T00:00:00","1945-06-12T00:00:00","1945-06-10T12:00:00",2,2
536,"1945-06-12T00:00:00","1945-06-13T00:00:00","1945-06-12T12:00:00",2,0.6
537,"1945-06-15T00:00:00","1945-06-18T00:00:00","1945-06-16T12:00:00",2,2
538,"1945-04-02T00:00:00","1945-04-05T00:00:00","1945-04-03T12:00:00",2,2
539,"1945-04-05T00:00:00","1945-04-09T00:00:00","1945-04-07T00:00:00",2,2
540,"1945-04-09T00:00:00","1945-04-13T00:00:00","1945-04-11T00:00:00",2,2
541,"1945-04-19T00:00:00","1945-04-24T00:00:00","1945-04-21T12:00:00",2,2
542,"1945-04-26T00:00:00","1945-04-30T00:00:00","1945-04-28T00:00:00",2,2
543,"1945-05-11T00:00:00","1945-05-14T00:00:00","1945-05-12T12:00:00",2,2
544,"1945-05-14T00:00:00","1945-05-19T00:00:00","1945-05-16T12:00:00",2,2
545,"1945-05-20T00:00:00","1945-05-22T00:00:00","1945-05-21T00:00:00",2,1.2
546,"1945-06-06T00:00:00","1945-06-10T00:00:00","1945-06-08T00:00:00",2,2
547,"1945-06-10T00:00:00","1945-06-12T00:00:00","1945-06-11T00:00:00",2,1.2
548,"1945-06-12T00:00:00","1945-06-18T00:00:00","1945-06-15T00:00:00",2,2
549,"1967-06-05T15:00:00","1967-06-06T06:00:00","1967-06-05T22:30:00",1.5,0.6
550,"1967-06-05T16:00:00","1967-06-07T10:15:00","1967-06-06T13:07:30",2.625,1.39583333333333
551,"1967-06-06T06:00:00","1967-06-07T07:00:00","1967-06-06T18:30:00",1.95833333333333,0.8
552,"1967-06-06T10:15:00","1967-06-07T03:00:00","1967-06-06T18:37:30",1.61458333333333,0.5875
553,"1967-06-07T12:30:00","1967-06-07T18:30:00","1967-06-07T15:30:00",1,0.3
554,"1967-06-05T08:15:00","1967-06-05T23:30:00","1967-06-05T15:52:30",1.51041666666667,0.4875
555,"1967-06-05T21:00:00","1967-06-06T10:30:00","1967-06-06T03:45:00",1,0.675
556,"1967-06-05T20:00:00","1967-06-06T05:00:00","1967-06-06T00:30:00",1,0.45
557,"1967-06-05T20:00:00","1967-06-06T07:00:00","1967-06-06T01:30:00",1,0.55
558,"1967-06-06T19:00:00","1967-06-06T22:30:00","1967-06-06T20:45:00",1,0.175
559,"1967-06-05T08:15:00","1967-06-07T06:00:00","1967-06-06T07:07:30",2.86458333333333,1.4375
560,"1967-06-07T05:15:00","1967-06-07T20:00:00","1967-06-07T12:37:30",1.48958333333333,0.4375
561,"1967-06-07T18:00:00","1967-06-08T04:30:00","1967-06-07T23:15:00",1,0.525
562,"1967-06-07T17:00:00","1967-06-07T20:00:00","1967-06-07T18:30:00",1,0.15
563,"1967-06-08T10:00:00","1967-06-08T14:30:00","1967-06-08T12:15:00",1,0.225
564,"1967-06-08T00:30:00","1967-06-08T03:30:00","1967-06-08T02:00:00",1,0.15
565,"1967-06-09T11:30:00","1967-06-10T00:00:00","1967-06-09T17:45:00",1,0.625
566,"1967-06-09T20:00:00","1967-06-10T00:00:00","1967-06-09T22:00:00",1,0.2
567,"1967-06-09T11:30:00","1967-06-09T20:00:00","1967-06-09T15:45:00",1,0.425
568,"1968-03-21T05:30:00","1968-03-21T21:00:00","1968-03-21T13:15:00",1,0.775
569,"1973-10-06T14:05:00","1973-10-07T00:15:00","1973-10-06T19:10:00",1,0.508333333333333
570,"1973-10-06T14:05:00","1973-10-07T00:15:00","1973-10-06T19:10:00",1,0.508333333333333
571,"1973-10-07T00:30:00","1973-10-07T23:00:00","1973-10-07T11:45:00",1,1
572,"1973-10-07T00:30:00","1973-10-07T23:00:00","1973-10-07T11:45:00",1,1
573,"1973-10-08T08:00:00","1973-10-08T19:00:00","1973-10-08T13:30:00",1,0.55
574,"1973-10-14T06:30:00","1973-10-14T15:00:00","1973-10-14T10:45:00",1,0.425
575,"1973-10-14T06:30:00","1973-10-14T15:00:00","1973-10-14T10:45:00",1,0.425
576,"1973-10-15T17:00:00","1973-10-16T12:00:00","1973-10-16T02:30:00",1,0.95
577,"1973-10-16T12:00:00","1973-10-17T17:00:00","1973-10-17T02:30:00",1.60416666666667,0.9
578,"1973-10-18T05:45:00","1973-10-18T19:00:00","1973-10-18T12:22:30",1,0.6625
579,"1973-10-19T06:00:00","1973-10-22T18:30:00","1973-10-21T00:15:00",4,2.5
580,"1973-10-19T06:30:00","1973-10-21T17:00:00","1973-10-20T11:45:00",2.97916666666667,1.7
581,"1973-10-22T05:00:00","1973-10-22T18:50:00","1973-10-22T11:55:00",1,0.691666666666667
582,"1973-10-23T06:30:00","1973-10-24T19:30:00","1973-10-24T01:00:00",1.95138888888889,1.35833333333333
583,"1973-10-23T15:00:00","1973-10-25T02:30:00","1973-10-24T08:45:00",1.59722222222222,1.28333333333333
584,"1973-10-23T00:00:00","1973-10-25T00:00:00","1973-10-24T00:00:00",2,1.2
585,"1973-10-06T00:00:00","1973-10-08T00:00:00","1973-10-07T00:00:00",2,1.2
586,"1973-10-06T14:05:00","1973-10-08T01:00:00","1973-10-07T07:32:30",2.32986111111111,1.14583333333333
587,"1973-10-06T14:05:00","1973-10-07T14:00:00","1973-10-07T02:02:30",1,1
588,"1973-10-07T00:00:00","1973-10-09T00:00:00","1973-10-08T00:00:00",2,1.2
589,"1973-10-07T13:15:00","1973-10-08T18:00:00","1973-10-08T03:37:30",1.69791666666667,0.8625
590,"1973-10-08T00:00:00","1973-10-11T00:00:00","1973-10-09T12:00:00",2,2
591,"1973-10-08T06:00:00","1973-10-10T12:00:00","1973-10-09T09:00:00",3,1.55
592,"1973-10-08T00:00:00","1973-10-10T00:00:00","1973-10-09T00:00:00",2,1.2
593,"1973-10-08T00:00:00","1973-10-09T00:00:00","1973-10-08T12:00:00",2,0.6
594,"1973-10-11T11:00:00","1973-10-13T21:00:00","1973-10-12T16:00:00",3.22916666666667,0.775
595,"1973-10-11T00:00:00","1973-10-13T00:00:00","1973-10-12T00:00:00",2,1.2
596,"1973-10-13T03:00:00","1973-10-13T03:30:00","1973-10-13T03:15:00",1,0.025
597,"1973-10-15T16:00:00","1973-10-15T19:00:00","1973-10-15T17:30:00",1,0.15
598,"1973-10-16T05:00:00","1973-10-16T10:30:00","1973-10-16T07:45:00",1.20833333333333,0.225
599,"1973-10-19T06:00:00","1973-10-19T17:00:00","1973-10-19T11:30:00",1,0.55
600,"1973-10-21T14:00:00","1973-10-21T16:00:00","1973-10-21T15:00:00",1,0.1
601,"1973-10-22T00:00:00","1973-10-23T00:00:00","1973-10-22T12:00:00",2,0.6
602,"1943-02-14T00:00:00","1943-02-15T00:00:00","1943-02-14T12:00:00",2,0.6
603,"1943-02-15T00:00:00","1943-02-16T00:00:00","1943-02-15T12:00:00",2,0.6
604,"1943-02-19T00:00:00","1943-02-21T00:00:00","1943-02-20T00:00:00",2,1.2
605,"1944-01-20T00:00:00","1944-01-21T00:00:00","1944-01-20T12:00:00",2,0.6
606,"1944-01-21T00:00:00","1944-01-22T00:00:00","1944-01-21T12:00:00",2,0.6
607,"1944-01-20T00:00:00","1944-01-21T00:00:00","1944-01-20T12:00:00",2,0.6
608,"1944-01-21T00:00:00","1944-01-22T00:00:00","1944-01-21T12:00:00",2,0.6
609,"1944-02-16T00:00:00","1944-02-20T00:00:00","1944-02-18T00:00:00",2,2
610,"1944-02-16T00:00:00","1944-02-18T00:00:00","1944-02-17T00:00:00",2,1.2
611,"1944-02-16T00:00:00","1944-02-20T00:00:00","1944-02-18T00:00:00",2,2
612,"1944-08-07T00:00:00","1944-08-08T00:00:00","1944-08-07T12:00:00",2,0.6
613,"1944-08-07T00:00:00","1944-08-08T00:00:00","1944-08-07T12:00:00",2,0.6
614,"1944-11-02T00:00:00","1944-11-06T00:00:00","1944-11-04T00:00:00",2,2
615,"1944-11-02T00:00:00","1944-11-04T00:00:00","1944-11-03T00:00:00",2,1.2
616,"1944-11-02T00:00:00","1944-11-05T00:00:00","1944-11-03T12:00:00",2,2
617,"1944-12-13T00:00:00","1944-12-17T00:00:00","1944-12-15T00:00:00",2,2
618,"1944-12-17T00:00:00","1944-12-18T00:00:00","1944-12-17T12:00:00",2,0.6
619,"1944-12-17T00:00:00","1944-12-20T00:00:00","1944-12-18T12:00:00",2,2
620,"1944-12-16T00:00:00","1944-12-20T00:00:00","1944-12-18T00:00:00",2,2
621,"1944-12-16T00:00:00","1944-12-17T00:00:00","1944-12-16T12:00:00",2,0.6
622,"1944-12-16T00:00:00","1944-12-17T00:00:00","1944-12-16T12:00:00",2,0.6
623,"1944-12-16T00:00:00","1944-12-20T00:00:00","1944-12-18T00:00:00",2,2
624,"1944-12-16T00:00:00","1944-12-19T00:00:00","1944-12-17T12:00:00",2,2
625,"1944-12-16T00:00:00","1944-12-18T00:00:00","1944-12-17T00:00:00",2,1.2
626,"1950-09-16T00:00:00","1950-09-18T00:00:00","1950-09-17T00:00:00",2,0.03
627,"1950-09-18T00:00:00","1950-09-22T00:00:00","1950-09-20T00:00:00",2,2
628,"1950-09-22T00:00:00","1950-09-25T00:00:00","1950-09-23T12:00:00",2,2
629,"1950-09-25T00:00:00","1950-10-01T00:00:00","1950-09-28T00:00:00",2,2
630,"1951-02-07T00:00:00","1951-02-12T00:00:00","1951-02-09T12:00:00",2,2
631,"1951-03-07T00:00:00","1951-03-10T00:00:00","1951-03-08T12:00:00",2,2
632,"1951-04-03T00:00:00","1951-04-06T00:00:00","1951-04-04T12:00:00",2,2
633,"1951-04-20T00:00:00","1951-04-24T00:00:00","1951-04-22T00:00:00",2,2
634,"1951-04-23T00:00:00","1951-04-28T00:00:00","1951-04-25T12:00:00",2,2
635,"1951-06-01T00:00:00","1951-06-03T00:00:00","1951-06-02T00:00:00",2,1.2
636,"1951-06-03T00:00:00","1951-06-05T00:00:00","1951-06-04T00:00:00",2,1.2
637,"1944-05-01T00:00:00","1944-05-02T00:00:00","1944-05-01T12:00:00",2,0.6
638,"1948-06-06T00:00:00","1948-06-11T00:00:00","1948-06-08T12:00:00",2,2
639,"1948-07-09T00:00:00","1948-07-15T00:00:00","1948-07-12T00:00:00",2,2
640,"1948-10-28T00:00:00","1948-10-31T00:00:00","1948-10-29T12:00:00",2,2
641,"1967-06-10T00:00:00","1967-06-11T00:00:00","1967-06-10T12:00:00",2,0.6
642,"1967-06-10T00:00:00","1967-06-11T00:00:00","1967-06-10T12:00:00",2,0.6
643,"1967-06-10T00:00:00","1967-06-11T00:00:00","1967-06-10T12:00:00",2,0.6
644,"1944-05-03T00:00:00","1944-05-05T00:00:00","1944-05-04T00:00:00",2,1.2
645,"1982-06-08T00:00:00","1982-06-11T00:00:00","1982-06-09T12:00:00",2,2
646,"1948-05-13T00:00:00","1948-05-15T00:00:00","1948-05-14T00:00:00",2,1.2
647,"1948-07-14T00:00:00","1948-07-19T00:00:00","1948-07-16T12:00:00",2,2
648,"1948-12-25T00:00:00","1948-12-28T00:00:00","1948-12-26T12:00:00",2,2
649,"1948-12-28T00:00:00","1949-01-07T00:00:00","1949-01-02T00:00:00",2,2
650,"1956-10-30T00:00:00","1956-11-02T00:00:00","1956-10-31T12:00:00",2,2
651,"1956-11-01T00:00:00","1956-11-03T00:00:00","1956-11-02T00:00:00",2,1.2
652,"1956-11-01T00:00:00","1956-11-02T00:00:00","1956-11-01T12:00:00",2,0.6
653,"1956-11-02T00:00:00","1956-11-03T00:00:00","1956-11-02T12:00:00",2,0.0166666666666667
654,"1972-03-30T00:00:00","1972-04-29T00:00:00","1972-04-14T00:00:00",2,2
655,"1948-04-21T00:00:00","1948-05-31T00:00:00","1948-05-11T00:00:00",2,2
656,"1948-07-09T00:00:00","1948-07-14T00:00:00","1948-07-11T12:00:00",2,2
657,"1940-05-10T00:00:00","1940-05-22T00:00:00","1940-05-16T00:00:00",2,2
658,"1940-05-13T00:00:00","1940-05-18T00:00:00","1940-05-15T12:00:00",2,2
659,"1940-05-21T00:00:00","1940-05-23T00:00:00","1940-05-22T00:00:00",2,1.2
660,"1940-06-01T00:00:00","1940-06-02T00:00:00","1940-06-01T12:00:00",2,0.6
