"isqno","atp_number","start_time_min","start_time_max","end_time_min","end_time_max","duration"
1,1,1600-07-02 14:30:00,1600-07-02 14:30:00,1600-07-02 14:30:00,1600-07-02 14:30:00,
2,1,1620-11-08 12:00:00,1620-11-08 12:00:00,1620-11-08 12:00:00,1620-11-08 12:00:00,
3,1,1622-05-06 03:30:00,1622-05-06 03:30:00,1622-05-06 03:30:00,1622-05-06 03:30:00,
3,2,1622-05-06 14:00:00,1622-05-06 14:00:00,1622-05-06 14:00:00,1622-05-06 14:00:00,
4,1,1626-04-25 00:00:00,1626-04-26 00:00:00,1626-04-25 00:00:00,1626-04-26 00:00:00,
5,1,1626-08-27 00:00:00,1626-08-28 00:00:00,1626-08-27 00:00:00,1626-08-28 00:00:00,
6,1,1631-09-17 14:30:00,1631-09-17 14:30:00,1631-09-17 14:30:00,1631-09-17 14:30:00,
7,1,1632-04-15 00:00:00,1632-04-16 00:00:00,1632-04-15 00:00:00,1632-04-16 00:00:00,
8,1,1632-09-03 10:00:00,1632-09-03 10:00:00,1632-09-03 10:00:00,1632-09-03 10:00:00,
8,2,1632-09-04 10:00:00,1632-09-04 10:00:00,1632-09-04 10:00:00,1632-09-04 10:00:00,
9,1,1632-11-16 11:00:00,1632-11-16 11:00:00,1632-11-16 11:00:00,1632-11-16 11:00:00,
10,1,1634-09-06 05:30:00,1634-09-06 05:30:00,1634-09-06 05:30:00,1634-09-06 05:30:00,
11,1,1636-10-04 00:00:00,1636-10-05 00:00:00,1636-10-04 00:00:00,1636-10-05 00:00:00,
12,1,1642-11-02 07:00:00,1642-11-02 07:00:00,1642-11-02 07:00:00,1642-11-02 07:00:00,
13,1,1643-05-19 03:30:00,1643-05-19 03:30:00,1643-05-19 03:30:00,1643-05-19 03:30:00,
14,1,1643-11-24 00:00:00,1643-11-25 00:00:00,1643-11-24 00:00:00,1643-11-25 00:00:00,
15,1,1644-08-03 17:00:00,1644-08-03 17:00:00,1644-08-03 17:00:00,1644-08-03 17:00:00,
15,2,1644-08-05 08:30:00,1644-08-05 08:30:00,1644-08-05 08:30:00,1644-08-05 08:30:00,
15,3,1644-08-05 15:00:00,1644-08-05 15:00:00,1644-08-05 15:00:00,1644-08-05 15:00:00,
15,4,1644-08-09 00:00:00,1644-08-10 00:00:00,1644-08-09 00:00:00,1644-08-10 00:00:00,120
16,1,1645-03-06 00:00:00,1645-03-07 00:00:00,1645-03-06 00:00:00,1645-03-07 00:00:00,
17,1,1645-05-02 00:00:00,1645-05-03 00:00:00,1645-05-02 00:00:00,1645-05-03 00:00:00,
18,1,1645-08-03 17:00:00,1645-08-03 17:00:00,1645-08-03 17:00:00,1645-08-03 17:00:00,
19,1,1648-08-10 05:00:00,1648-08-10 05:00:00,1648-08-10 05:00:00,1648-08-10 05:00:00,
19,2,1648-08-10 08:30:00,1648-08-10 08:30:00,1648-08-10 08:30:00,1648-08-10 08:30:00,
20,1,1642-10-23 15:00:00,1642-10-23 15:00:00,1642-10-23 15:00:00,1642-10-23 15:00:00,
21,1,1644-07-02 19:00:00,1644-07-02 19:00:00,1644-07-02 19:00:00,1644-07-02 19:00:00,
22,1,1644-09-01 00:00:00,1644-09-02 00:00:00,1644-09-01 00:00:00,1644-09-02 00:00:00,
23,1,1644-08-15 00:00:00,1644-08-16 00:00:00,1644-08-15 00:00:00,1644-08-16 00:00:00,
24,1,1644-10-27 06:00:00,1644-10-27 06:00:00,1644-10-27 06:00:00,1644-10-27 06:00:00,
24,2,1644-10-27 15:00:00,1644-10-27 15:00:00,1644-10-27 15:00:00,1644-10-27 15:00:00,
25,1,1645-06-14 10:00:00,1645-06-14 10:00:00,1645-06-14 10:00:00,1645-06-14 10:00:00,
26,1,1648-08-17 00:00:00,1648-08-18 00:00:00,1648-08-17 00:00:00,1648-08-18 00:00:00,
27,1,1650-09-03 04:00:00,1650-09-03 04:00:00,1650-09-03 04:00:00,1650-09-03 04:00:00,
28,1,1651-09-03 14:30:00,1651-09-03 14:30:00,1651-09-03 14:30:00,1651-09-03 14:30:00,
29,1,1652-07-05 08:00:00,1652-07-05 08:00:00,1652-07-05 08:00:00,1652-07-05 08:00:00,
30,1,1658-06-14 08:00:00,1658-06-14 08:00:00,1658-06-14 08:00:00,1658-06-14 08:00:00,
31,1,1664-08-01 06:00:00,1664-08-01 06:00:00,1664-08-01 06:00:00,1664-08-01 06:00:00,
32,1,1683-09-12 05:30:00,1683-09-12 05:30:00,1683-09-12 05:30:00,1683-09-12 05:30:00,
33,1,1673-11-11 00:00:00,1673-11-12 00:00:00,1673-11-11 00:00:00,1673-11-12 00:00:00,
34,1,1674-06-16 00:00:00,1674-06-17 00:00:00,1674-06-16 00:00:00,1674-06-17 00:00:00,180
35,1,1674-08-11 10:00:00,1674-08-11 10:00:00,1674-08-11 10:00:00,1674-08-11 10:00:00,
36,1,1674-10-04 00:00:00,1674-10-05 00:00:00,1674-10-04 00:00:00,1674-10-05 00:00:00,420
37,1,1675-01-05 00:00:00,1675-01-06 00:00:00,1675-01-05 00:00:00,1675-01-06 00:00:00,
38,1,1675-06-28 08:00:00,1675-06-28 08:00:00,1675-06-28 08:00:00,1675-06-28 08:00:00,
39,1,1685-07-06 03:00:00,1685-07-06 03:00:00,1685-07-06 03:00:00,1685-07-06 03:00:00,
40,1,1689-07-27 19:45:00,1689-07-27 19:45:00,1689-07-27 19:45:00,1689-07-27 19:45:00,
41,1,1689-08-25 09:00:00,1689-08-25 09:00:00,1689-08-25 09:00:00,1689-08-25 09:00:00,
42,1,1690-07-01 00:00:00,1690-07-02 00:00:00,1690-07-01 00:00:00,1690-07-02 00:00:00,
43,1,1690-07-11 11:00:00,1690-07-11 11:00:00,1690-07-11 11:00:00,1690-07-11 11:00:00,
44,1,1691-07-22 14:00:00,1691-07-22 14:00:00,1691-07-22 14:00:00,1691-07-22 14:00:00,
45,1,1692-08-03 12:00:00,1692-08-03 12:00:00,1692-08-03 12:00:00,1692-08-03 12:00:00,
46,1,1693-07-29 04:00:00,1693-07-29 04:00:00,1693-07-29 04:00:00,1693-07-29 04:00:00,
47,1,1693-10-04 00:00:00,1693-10-05 00:00:00,1693-10-04 00:00:00,1693-10-05 00:00:00,270
48,1,1697-09-11 15:00:00,1697-09-11 15:00:00,1697-09-11 15:00:00,1697-09-11 15:00:00,
49,1,1709-06-28 00:00:00,1709-06-29 00:00:00,1709-06-28 00:00:00,1709-06-29 00:00:00,
50,1,1704-08-13 12:30:00,1704-08-13 12:30:00,1704-08-13 12:30:00,1704-08-13 12:30:00,
51,1,1706-05-23 13:00:00,1706-05-23 13:00:00,1706-05-23 13:00:00,1706-05-23 13:00:00,
52,1,1708-07-11 15:00:00,1708-07-11 15:00:00,1708-07-11 15:00:00,1708-07-11 15:00:00,
53,1,1709-09-11 08:00:00,1709-09-11 08:00:00,1709-09-11 08:00:00,1709-09-11 08:00:00,
54,1,1716-08-05 07:00:00,1716-08-05 07:00:00,1716-08-05 07:00:00,1716-08-05 07:00:00,
55,1,1741-04-10 12:00:00,1741-04-10 12:00:00,1741-04-10 12:00:00,1741-04-10 12:00:00,
56,1,1742-05-17 08:00:00,1742-05-17 08:00:00,1742-05-17 08:00:00,1742-05-17 08:00:00,
57,1,1743-06-27 00:00:00,1743-06-28 00:00:00,1743-06-27 00:00:00,1743-06-28 00:00:00,
58,1,1745-05-11 05:00:00,1745-05-11 05:00:00,1745-05-11 05:00:00,1745-05-11 05:00:00,
59,1,1745-06-04 04:00:00,1745-06-04 04:00:00,1745-06-04 04:00:00,1745-06-04 04:00:00,
60,1,1745-09-30 07:00:00,1745-09-30 07:00:00,1745-09-30 07:00:00,1745-09-30 07:00:00,
61,1,1745-12-14 14:00:00,1745-12-14 14:00:00,1745-12-14 14:00:00,1745-12-14 14:00:00,
62,1,1745-09-21 04:30:00,1745-09-21 04:30:00,1745-09-21 04:30:00,1745-09-21 04:30:00,
63,1,1746-04-16 13:10:00,1746-04-16 13:10:00,1746-04-16 13:10:00,1746-04-16 13:10:00,
64,1,1756-10-01 11:00:00,1756-10-01 11:00:00,1756-10-01 11:00:00,1756-10-01 11:00:00,
65,1,1757-05-06 11:00:00,1757-05-06 11:00:00,1757-05-06 11:00:00,1757-05-06 11:00:00,
66,1,1757-06-23 08:00:00,1757-06-23 08:00:00,1757-06-23 08:00:00,1757-06-23 08:00:00,
67,1,1757-06-18 14:00:00,1757-06-18 14:00:00,1757-06-18 14:00:00,1757-06-18 14:00:00,
68,1,1757-07-26 09:00:00,1757-07-26 09:00:00,1757-07-26 09:00:00,1757-07-26 09:00:00,
69,1,1757-11-05 15:30:00,1757-11-05 15:30:00,1757-11-05 15:30:00,1757-11-05 15:30:00,
70,1,1757-12-05 13:00:00,1757-12-05 13:00:00,1757-12-05 13:00:00,1757-12-05 13:00:00,
71,1,1758-06-23 13:00:00,1758-06-23 13:00:00,1758-06-23 13:00:00,1758-06-23 13:00:00,
72,1,1758-08-25 10:00:00,1758-08-25 10:00:00,1758-08-25 10:00:00,1758-08-25 10:00:00,
73,1,1758-10-14 05:00:00,1758-10-14 05:00:00,1758-10-14 05:00:00,1758-10-14 05:00:00,
74,1,1759-04-13 00:00:00,1759-04-14 00:00:00,1759-04-13 00:00:00,1759-04-14 00:00:00,
75,1,1759-08-01 06:00:00,1759-08-01 06:00:00,1759-08-01 06:00:00,1759-08-01 06:00:00,
76,1,1759-08-12 11:30:00,1759-08-12 11:30:00,1759-08-12 11:30:00,1759-08-12 11:30:00,
77,1,1759-09-13 10:00:00,1759-09-13 10:00:00,1759-09-13 10:00:00,1759-09-13 10:00:00,
78,1,1759-11-20 11:00:00,1759-11-20 11:00:00,1759-11-20 11:00:00,1759-11-20 11:00:00,
79,1,1760-07-31 00:00:00,1760-08-01 00:00:00,1760-07-31 00:00:00,1760-08-01 00:00:00,
80,1,1760-08-15 05:00:00,1760-08-15 05:00:00,1760-08-15 05:00:00,1760-08-15 05:00:00,
81,1,1760-11-03 14:00:00,1760-11-03 14:00:00,1760-11-03 14:00:00,1760-11-03 14:00:00,
82,1,1775-06-17 15:00:00,1775-06-17 15:00:00,1775-06-17 15:00:00,1775-06-17 15:00:00,
83,1,1776-01-01 04:00:00,1776-01-01 04:00:00,1776-01-01 04:00:00,1776-01-01 04:00:00,
84,1,1776-10-28 08:00:00,1776-10-28 08:00:00,1776-10-28 08:00:00,1776-10-28 08:00:00,
85,1,1776-12-26 08:00:00,1776-12-26 08:00:00,1776-12-26 08:00:00,1776-12-26 08:00:00,
86,1,1777-01-03 08:00:00,1777-01-03 08:00:00,1777-01-03 08:00:00,1777-01-03 08:00:00,
87,1,1777-09-19 12:45:00,1777-09-19 12:45:00,1777-09-19 12:45:00,1777-09-19 12:45:00,
88,1,1777-10-04 06:00:00,1777-10-04 06:00:00,1777-10-04 06:00:00,1777-10-04 06:00:00,
89,1,1777-10-07 14:30:00,1777-10-07 14:30:00,1777-10-07 14:30:00,1777-10-07 14:30:00,
90,1,1778-06-28 10:00:00,1778-06-28 10:00:00,1778-06-28 10:00:00,1778-06-28 10:00:00,
91,1,1780-08-16 02:00:00,1780-08-16 02:00:00,1780-08-16 02:00:00,1780-08-16 02:00:00,
91,2,1780-08-16 04:30:00,1780-08-16 04:30:00,1780-08-16 04:30:00,1780-08-16 04:30:00,
92,1,1781-01-17 07:00:00,1781-01-17 07:00:00,1781-01-17 07:00:00,1781-01-17 07:00:00,
93,1,1781-03-15 13:30:00,1781-03-15 13:30:00,1781-03-15 13:30:00,1781-03-15 13:30:00,
94,1,1781-04-25 10:00:00,1781-04-25 10:00:00,1781-04-25 10:00:00,1781-04-25 10:00:00,
95,1,1781-09-08 09:05:00,1781-09-08 09:05:00,1781-09-08 09:05:00,1781-09-08 09:05:00,
96,1,1792-09-20 12:10:00,1792-09-20 12:10:00,1792-09-20 12:10:00,1792-09-20 12:10:00,
97,1,1792-11-06 00:00:00,1792-11-07 00:00:00,1792-11-06 00:00:00,1792-11-07 00:00:00,
98,1,1793-03-18 00:00:00,1793-03-19 00:00:00,1793-03-18 00:00:00,1793-03-19 00:00:00,
99,1,1793-09-06 00:00:00,1793-09-07 00:00:00,1793-09-06 00:00:00,1793-09-07 00:00:00,
100,1,1793-10-15 00:00:00,1793-10-16 00:00:00,1793-10-15 00:00:00,1793-10-16 00:00:00,
101,1,1794-06-26 04:00:00,1794-06-26 04:00:00,1794-06-26 04:00:00,1794-06-26 04:00:00,
102,1,1796-05-10 18:30:00,1796-05-10 18:30:00,1796-05-10 18:30:00,1796-05-10 18:30:00,
103,1,1796-08-05 00:00:00,1796-08-06 00:00:00,1796-08-05 00:00:00,1796-08-06 00:00:00,
104,1,1796-08-11 00:00:00,1796-08-12 00:00:00,1796-08-11 00:00:00,1796-08-12 00:00:00,
105,1,1796-09-03 09:00:00,1796-09-03 09:00:00,1796-09-03 09:00:00,1796-09-03 09:00:00,
106,1,1796-11-15 00:00:00,1796-11-16 00:00:00,1796-11-15 00:00:00,1796-11-16 00:00:00,
107,1,1797-01-14 00:00:00,1797-01-15 00:00:00,1797-01-14 00:00:00,1797-01-15 00:00:00,
108,1,1798-07-21 15:30:00,1798-07-21 15:30:00,1798-07-21 15:30:00,1798-07-21 15:30:00,
109,1,1799-03-25 05:00:00,1799-03-25 05:00:00,1799-03-25 05:00:00,1799-03-25 05:00:00,
110,1,1799-04-16 06:30:00,1799-04-16 06:30:00,1799-04-16 06:30:00,1799-04-16 06:30:00,
111,1,1799-06-04 00:00:00,1799-06-05 00:00:00,1799-06-04 00:00:00,1799-06-05 00:00:00,
112,1,1799-08-15 03:00:00,1799-08-15 03:00:00,1799-08-15 03:00:00,1799-08-15 03:00:00,
112,2,1799-08-15 16:00:00,1799-08-15 16:00:00,1799-08-15 16:00:00,1799-08-15 16:00:00,
113,1,1799-09-24 00:00:00,1799-09-25 00:00:00,1799-09-24 00:00:00,1799-09-25 00:00:00,
114,1,1800-05-05 00:00:00,1800-05-06 00:00:00,1800-05-05 00:00:00,1800-05-06 00:00:00,
115,1,1800-06-14 09:00:00,1800-06-14 09:00:00,1800-06-14 09:00:00,1800-06-14 09:00:00,
115,2,1800-06-14 13:00:00,1800-06-14 13:00:00,1800-06-14 13:00:00,1800-06-14 13:00:00,
116,1,1800-12-03 08:00:00,1800-12-03 08:00:00,1800-12-03 08:00:00,1800-12-03 08:00:00,
117,1,1805-12-02 08:00:00,1805-12-02 08:00:00,1805-12-02 08:00:00,1805-12-02 08:00:00,
118,1,1806-10-14 06:00:00,1806-10-14 06:00:00,1806-10-14 06:00:00,1806-10-14 06:00:00,
119,1,1806-10-14 08:00:00,1806-10-14 08:00:00,1806-10-14 08:00:00,1806-10-14 08:00:00,
120,1,1807-02-08 08:00:00,1807-02-08 08:00:00,1807-02-08 08:00:00,1807-02-08 08:00:00,
121,1,1807-06-14 17:30:00,1807-06-14 17:30:00,1807-06-14 17:30:00,1807-06-14 17:30:00,
122,1,1808-08-21 10:00:00,1808-08-21 10:00:00,1808-08-21 10:00:00,1808-08-21 10:00:00,
123,1,1809-01-16 14:00:00,1809-01-16 14:00:00,1809-01-16 14:00:00,1809-01-16 14:00:00,
124,1,1809-04-22 13:30:00,1809-04-22 13:30:00,1809-04-22 13:30:00,1809-04-22 13:30:00,
125,1,1809-05-21 13:00:00,1809-05-21 13:00:00,1809-05-21 13:00:00,1809-05-21 13:00:00,
125,2,1809-05-22 05:00:00,1809-05-22 05:00:00,1809-05-22 05:00:00,1809-05-22 05:00:00,
125,3,1809-05-22 10:00:00,1809-05-22 10:00:00,1809-05-22 10:00:00,1809-05-22 10:00:00,
126,1,1809-06-14 14:00:00,1809-06-14 14:00:00,1809-06-14 14:00:00,1809-06-14 14:00:00,
127,1,1809-07-05 19:00:00,1809-07-05 19:00:00,1809-07-05 19:00:00,1809-07-05 19:00:00,
127,2,1809-07-06 04:00:00,1809-07-06 04:00:00,1809-07-06 04:00:00,1809-07-06 04:00:00,
128,1,1809-07-28 05:00:00,1809-07-28 05:00:00,1809-07-28 05:00:00,1809-07-28 05:00:00,
128,2,1809-07-28 13:30:00,1809-07-28 13:30:00,1809-07-28 13:30:00,1809-07-28 13:30:00,
129,1,1810-09-27 05:45:00,1810-09-27 05:45:00,1810-09-27 05:45:00,1810-09-27 05:45:00,
130,1,1811-05-05 07:00:00,1811-05-05 07:00:00,1811-05-05 07:00:00,1811-05-05 07:00:00,
131,1,1811-05-16 09:00:00,1811-05-16 09:00:00,1811-05-16 09:00:00,1811-05-16 09:00:00,
132,1,1812-07-22 17:00:00,1812-07-22 17:00:00,1812-07-22 17:00:00,1812-07-22 17:00:00,
133,1,1813-06-21 08:30:00,1813-06-21 08:30:00,1813-06-21 08:30:00,1813-06-21 08:30:00,
134,1,1812-09-07 06:00:00,1812-09-07 06:00:00,1812-09-07 06:00:00,1812-09-07 06:00:00,
135,1,1813-05-02 11:45:00,1813-05-02 11:45:00,1813-05-02 11:45:00,1813-05-02 11:45:00,
136,1,1813-05-20 15:00:00,1813-05-20 15:00:00,1813-05-20 15:00:00,1813-05-20 15:00:00,
136,2,1813-05-21 05:00:00,1813-05-21 05:00:00,1813-05-21 05:00:00,1813-05-21 05:00:00,
137,1,1813-08-26 05:00:00,1813-08-26 05:00:00,1813-08-26 05:00:00,1813-08-26 05:00:00,
137,2,1813-08-26 14:00:00,1813-08-26 14:00:00,1813-08-26 14:00:00,1813-08-26 14:00:00,
137,3,1813-08-27 06:00:00,1813-08-27 06:00:00,1813-08-27 06:00:00,1813-08-27 06:00:00,
138,1,1813-10-16 08:30:00,1813-10-16 08:30:00,1813-10-16 08:30:00,1813-10-16 08:30:00,
138,2,1813-10-18 09:00:00,1813-10-18 09:00:00,1813-10-18 09:00:00,1813-10-18 09:00:00,
138,3,1813-10-19 10:00:00,1813-10-19 10:00:00,1813-10-19 10:00:00,1813-10-19 10:00:00,
139,1,1813-10-30 09:00:00,1813-10-30 09:00:00,1813-10-30 09:00:00,1813-10-30 09:00:00,
139,2,1813-10-31 07:00:00,1813-10-31 07:00:00,1813-10-31 07:00:00,1813-10-31 07:00:00,
140,1,1814-02-01 13:00:00,1814-02-01 13:00:00,1814-02-01 13:00:00,1814-02-01 13:00:00,
141,1,1814-03-09 06:00:00,1814-03-09 06:00:00,1814-03-09 06:00:00,1814-03-09 06:00:00,
141,2,1814-03-09 19:00:00,1814-03-09 19:00:00,1814-03-09 19:00:00,1814-03-09 19:00:00,
141,3,1814-03-10 06:00:00,1814-03-10 06:00:00,1814-03-10 06:00:00,1814-03-10 06:00:00,
142,1,1814-03-20 14:00:00,1814-03-20 14:00:00,1814-03-20 14:00:00,1814-03-20 14:00:00,
142,2,1814-03-21 15:00:00,1814-03-21 15:00:00,1814-03-21 15:00:00,1814-03-21 15:00:00,
143,1,1815-06-16 14:00:00,1815-06-16 14:00:00,1815-06-16 14:00:00,1815-06-16 14:00:00,
144,1,1815-06-16 14:30:00,1815-06-16 14:30:00,1815-06-16 14:30:00,1815-06-16 14:30:00,
145,1,1815-06-18 11:30:00,1815-06-18 11:30:00,1815-06-18 11:30:00,1815-06-18 11:30:00,
146,1,1813-10-05 14:00:00,1813-10-05 14:00:00,1813-10-05 14:00:00,1813-10-05 14:00:00,
147,1,1814-07-05 17:00:00,1814-07-05 17:00:00,1814-07-05 17:00:00,1814-07-05 17:00:00,
148,1,1814-07-25 18:00:00,1814-07-25 18:00:00,1814-07-25 18:00:00,1814-07-25 18:00:00,
149,1,1815-01-08 06:00:00,1815-01-08 06:00:00,1815-01-08 06:00:00,1815-01-08 06:00:00,
150,1,1819-08-07 00:00:00,1819-08-08 00:00:00,1819-08-07 00:00:00,1819-08-08 00:00:00,
151,1,1821-06-25 00:00:00,1821-06-26 00:00:00,1821-06-25 00:00:00,1821-06-26 00:00:00,
152,1,1822-04-07 00:00:00,1822-04-08 00:00:00,1822-04-07 00:00:00,1822-04-08 00:00:00,
153,1,1822-05-24 09:00:00,1822-05-24 09:00:00,1822-05-24 09:00:00,1822-05-24 09:00:00,
154,1,1824-08-06 00:00:00,1824-08-07 00:00:00,1824-08-06 00:00:00,1824-08-07 00:00:00,
155,1,1824-12-09 09:00:00,1824-12-09 09:00:00,1824-12-09 09:00:00,1824-12-09 09:00:00,
156,1,1836-04-21 16:30:00,1836-04-21 16:30:00,1836-04-21 16:30:00,1836-04-21 16:30:00,
157,1,1846-05-08 14:30:00,1846-05-08 14:30:00,1846-05-08 14:30:00,1846-05-08 14:30:00,
158,1,1846-05-09 16:00:00,1846-05-09 16:00:00,1846-05-09 16:00:00,1846-05-09 16:00:00,
159,1,1847-02-22 15:00:00,1847-02-22 15:00:00,1847-02-22 15:00:00,1847-02-22 15:00:00,
159,2,1847-02-23 06:00:00,1847-02-23 06:00:00,1847-02-23 06:00:00,1847-02-23 06:00:00,
160,1,1847-04-17 12:00:00,1847-04-17 12:00:00,1847-04-17 12:00:00,1847-04-17 12:00:00,
160,2,1847-04-18 07:00:00,1847-04-18 07:00:00,1847-04-18 07:00:00,1847-04-18 07:00:00,
161,1,1847-08-20 05:45:00,1847-08-20 05:45:00,1847-08-20 05:45:00,1847-08-20 05:45:00,
162,1,1847-08-20 08:00:00,1847-08-20 08:00:00,1847-08-20 08:00:00,1847-08-20 08:00:00,
162,2,1847-08-20 12:30:00,1847-08-20 12:30:00,1847-08-20 12:30:00,1847-08-20 12:30:00,
163,1,1847-09-08 05:00:00,1847-09-08 05:00:00,1847-09-08 05:00:00,1847-09-08 05:00:00,
164,1,1847-09-13 05:50:00,1847-09-13 05:50:00,1847-09-13 05:50:00,1847-09-13 05:50:00,
165,1,1854-09-20 14:30:00,1854-09-20 14:30:00,1854-09-20 14:30:00,1854-09-20 14:30:00,
166,1,1854-11-05 05:45:00,1854-11-05 05:45:00,1854-11-05 05:45:00,1854-11-05 05:45:00,
167,1,1859-06-04 10:30:00,1859-06-04 10:30:00,1859-06-04 10:30:00,1859-06-04 10:30:00,
168,1,1859-06-24 07:00:00,1859-06-24 07:00:00,1859-06-24 07:00:00,1859-06-24 07:00:00,
169,1,1866-07-03 09:00:00,1866-07-03 09:00:00,1866-07-03 09:00:00,1866-07-03 09:00:00,
170,1,1866-06-24 08:00:00,1866-06-24 08:00:00,1866-06-24 08:00:00,1866-06-24 08:00:00,
171,1,1861-07-21 09:00:00,1861-07-21 09:00:00,1861-07-21 09:00:00,1861-07-21 09:00:00,
172,1,1861-08-10 05:30:00,1861-08-10 05:30:00,1861-08-10 05:30:00,1861-08-10 05:30:00,
173,1,1861-11-07 10:30:00,1861-11-07 10:30:00,1861-11-07 10:30:00,1861-11-07 10:30:00,
174,1,1862-01-19 05:30:00,1862-01-19 05:30:00,1862-01-19 05:30:00,1862-01-19 05:30:00,
175,1,1862-02-15 05:50:00,1862-02-15 05:50:00,1862-02-15 05:50:00,1862-02-15 05:50:00,
176,1,1862-03-07 10:30:00,1862-03-07 10:30:00,1862-03-07 10:30:00,1862-03-07 10:30:00,
176,2,1862-03-08 06:30:00,1862-03-08 06:30:00,1862-03-08 06:30:00,1862-03-08 06:30:00,
177,1,1862-03-23 06:00:00,1862-03-23 06:00:00,1862-03-23 06:00:00,1862-03-23 06:00:00,
177,2,1862-03-23 14:00:00,1862-03-23 14:00:00,1862-03-23 14:00:00,1862-03-23 14:00:00,
178,1,1862-04-06 05:00:00,1862-04-06 05:00:00,1862-04-06 05:00:00,1862-04-06 05:00:00,
178,2,1862-04-07 07:30:00,1862-04-07 07:30:00,1862-04-07 07:30:00,1862-04-07 07:30:00,
179,1,1862-05-23 14:00:00,1862-05-23 14:00:00,1862-05-23 14:00:00,1862-05-23 14:00:00,
180,1,1862-05-25 06:00:00,1862-05-25 06:00:00,1862-05-25 06:00:00,1862-05-25 06:00:00,
181,1,1862-06-08 09:00:00,1862-06-08 09:00:00,1862-06-08 09:00:00,1862-06-08 09:00:00,
182,1,1862-06-09 07:00:00,1862-06-09 07:00:00,1862-06-09 07:00:00,1862-06-09 07:00:00,
183,1,1862-05-31 13:00:00,1862-05-31 13:00:00,1862-05-31 13:00:00,1862-05-31 13:00:00,
183,2,1862-06-01 06:30:00,1862-06-01 06:30:00,1862-06-01 06:30:00,1862-06-01 06:30:00,
184,1,1862-06-26 15:00:00,1862-06-26 15:00:00,1862-06-26 15:00:00,1862-06-26 15:00:00,
185,1,1862-06-27 12:30:00,1862-06-27 12:30:00,1862-06-27 12:30:00,1862-06-27 12:30:00,
185,2,1862-06-27 18:30:00,1862-06-27 18:30:00,1862-06-27 18:30:00,1862-06-27 18:30:00,
186,1,1862-06-29 09:00:00,1862-06-29 09:00:00,1862-06-29 09:00:00,1862-06-29 09:00:00,
186,2,1862-06-29 17:00:00,1862-06-29 17:00:00,1862-06-29 17:00:00,1862-06-29 17:00:00,
186,3,1862-06-30 16:30:00,1862-06-30 16:30:00,1862-06-30 16:30:00,1862-06-30 16:30:00,
187,1,1862-07-01 15:00:00,1862-07-01 15:00:00,1862-07-01 15:00:00,1862-07-01 15:00:00,
187,2,1862-07-01 18:00:00,1862-07-01 18:00:00,1862-07-01 18:00:00,1862-07-01 18:00:00,
188,1,1862-08-09 15:00:00,1862-08-09 15:00:00,1862-08-09 15:00:00,1862-08-09 15:00:00,
189,1,1862-08-29 05:30:00,1862-08-29 05:30:00,1862-08-29 05:30:00,1862-08-29 05:30:00,
189,2,1862-08-29 13:30:00,1862-08-29 13:30:00,1862-08-29 13:30:00,1862-08-29 13:30:00,
189,3,1862-08-30 12:00:00,1862-08-30 12:00:00,1862-08-30 12:00:00,1862-08-30 12:00:00,
190,1,1862-09-14 09:00:00,1862-09-14 09:00:00,1862-09-14 09:00:00,1862-09-14 09:00:00,
191,1,1862-09-17 05:30:00,1862-09-17 05:30:00,1862-09-17 05:30:00,1862-09-17 05:30:00,
192,1,1862-10-03 10:00:00,1862-10-03 10:00:00,1862-10-03 10:00:00,1862-10-03 10:00:00,
192,2,1862-10-03 15:00:00,1862-10-03 15:00:00,1862-10-03 15:00:00,1862-10-03 15:00:00,
192,3,1862-10-04 09:00:00,1862-10-04 09:00:00,1862-10-04 09:00:00,1862-10-04 09:00:00,
193,1,1862-10-08 14:00:00,1862-10-08 14:00:00,1862-10-08 14:00:00,1862-10-08 14:00:00,
194,1,1862-12-13 11:00:00,1862-12-13 11:00:00,1862-12-13 11:00:00,1862-12-13 11:00:00,
195,1,1862-12-31 07:00:00,1862-12-31 07:00:00,1862-12-31 07:00:00,1862-12-31 07:00:00,
195,2,1862-12-31 14:00:00,1862-12-31 14:00:00,1862-12-31 14:00:00,1862-12-31 14:00:00,
195,3,1863-01-02 16:00:00,1863-01-02 16:00:00,1863-01-02 16:00:00,1863-01-02 16:00:00,
196,1,1863-05-01 11:15:00,1863-05-01 11:15:00,1863-05-01 11:15:00,1863-05-01 11:15:00,
196,2,1863-05-02 12:15:00,1863-05-02 12:15:00,1863-05-02 12:15:00,1863-05-02 12:15:00,
196,3,1863-05-02 17:15:00,1863-05-02 17:15:00,1863-05-02 17:15:00,1863-05-02 17:15:00,
196,4,1863-05-03 05:00:00,1863-05-03 05:00:00,1863-05-03 05:00:00,1863-05-03 05:00:00,
196,5,1863-05-04 18:00:00,1863-05-04 18:00:00,1863-05-04 18:00:00,1863-05-04 18:00:00,
197,1,1863-05-16 10:30:00,1863-05-16 10:30:00,1863-05-16 10:30:00,1863-05-16 10:30:00,
198,1,1863-06-09 04:00:00,1863-06-09 04:00:00,1863-06-09 04:00:00,1863-06-09 04:00:00,
199,1,1863-07-01 10:00:00,1863-07-01 10:00:00,1863-07-01 10:00:00,1863-07-01 10:00:00,
199,2,1863-07-02 16:00:00,1863-07-02 16:00:00,1863-07-02 16:00:00,1863-07-02 16:00:00,
199,3,1863-07-03 05:00:00,1863-07-03 05:00:00,1863-07-03 05:00:00,1863-07-03 05:00:00,
199,4,1863-07-03 13:00:00,1863-07-03 13:00:00,1863-07-03 13:00:00,1863-07-03 13:00:00,
200,1,1863-09-19 05:30:00,1863-09-19 05:30:00,1863-09-19 05:30:00,1863-09-19 05:30:00,
200,2,1863-09-20 09:00:00,1863-09-20 09:00:00,1863-09-20 09:00:00,1863-09-20 09:00:00,
201,1,1863-11-24 10:00:00,1863-11-24 10:00:00,1863-11-24 10:00:00,1863-11-24 10:00:00,
201,2,1863-11-25 07:00:00,1863-11-25 07:00:00,1863-11-25 07:00:00,1863-11-25 07:00:00,
202,1,1864-05-05 07:15:00,1864-05-05 07:15:00,1864-05-05 07:15:00,1864-05-05 07:15:00,
202,2,1864-05-06 05:00:00,1864-05-06 05:00:00,1864-05-06 05:00:00,1864-05-06 05:00:00,
203,1,1864-05-08 00:00:00,1864-05-09 00:00:00,1864-05-08 00:00:00,1864-05-09 00:00:00,
204,1,1864-05-15 05:00:00,1864-05-15 05:00:00,1864-05-15 05:00:00,1864-05-15 05:00:00,
205,1,1864-06-03 04:30:00,1864-06-03 04:30:00,1864-06-03 04:30:00,1864-06-03 04:30:00,
206,1,1864-06-27 09:00:00,1864-06-27 09:00:00,1864-06-27 09:00:00,1864-06-27 09:00:00,
207,1,1864-07-20 15:00:00,1864-07-20 15:00:00,1864-07-20 15:00:00,1864-07-20 15:00:00,
208,1,1864-07-22 12:30:00,1864-07-22 12:30:00,1864-07-22 12:30:00,1864-07-22 12:30:00,
209,1,1864-06-15 19:00:00,1864-06-15 19:00:00,1864-06-15 19:00:00,1864-06-15 19:00:00,
209,2,1864-06-16 18:00:00,1864-06-16 18:00:00,1864-06-16 18:00:00,1864-06-16 18:00:00,
209,3,1864-06-18 04:30:00,1864-06-18 04:30:00,1864-06-18 04:30:00,1864-06-18 04:30:00,
209,4,1864-06-18 12:30:00,1864-06-18 12:30:00,1864-06-18 12:30:00,1864-06-18 12:30:00,
209,5,1864-06-18 16:00:00,1864-06-18 16:00:00,1864-06-18 16:00:00,1864-06-18 16:00:00,
210,1,1864-08-18 00:00:00,1864-08-19 00:00:00,1864-08-18 00:00:00,1864-08-19 00:00:00,
211,1,1864-09-19 05:00:00,1864-09-19 05:00:00,1864-09-19 05:00:00,1864-09-19 05:00:00,
212,1,1864-10-19 05:30:00,1864-10-19 05:30:00,1864-10-19 05:30:00,1864-10-19 05:30:00,
212,2,1864-10-19 12:00:00,1864-10-19 12:00:00,1864-10-19 12:00:00,1864-10-19 12:00:00,
212,3,1864-10-19 16:00:00,1864-10-19 16:00:00,1864-10-19 16:00:00,1864-10-19 16:00:00,
213,1,1864-11-30 15:30:00,1864-11-30 15:30:00,1864-11-30 15:30:00,1864-11-30 15:30:00,
214,1,1864-12-15 08:00:00,1864-12-15 08:00:00,1864-12-15 08:00:00,1864-12-15 08:00:00,
214,2,1864-12-16 15:00:00,1864-12-16 15:00:00,1864-12-16 15:00:00,1864-12-16 15:00:00,
215,1,1865-03-19 06:00:00,1865-03-19 06:00:00,1865-03-19 06:00:00,1865-03-19 06:00:00,
215,2,1865-03-21 06:00:00,1865-03-21 06:00:00,1865-03-21 06:00:00,1865-03-21 06:00:00,
216,1,1865-03-29 00:00:00,1865-03-30 00:00:00,1865-03-29 00:00:00,1865-03-30 00:00:00,
217,1,1865-04-01 16:00:00,1865-04-01 16:00:00,1865-04-01 16:00:00,1865-04-01 16:00:00,
218,1,1865-04-02 00:00:00,1865-04-03 00:00:00,1865-04-02 00:00:00,1865-04-03 00:00:00,
219,1,1865-04-06 08:30:00,1865-04-06 08:30:00,1865-04-06 08:30:00,1865-04-06 08:30:00,
220,1,1870-08-04 08:30:00,1870-08-04 08:30:00,1870-08-04 08:30:00,1870-08-04 08:30:00,
221,1,1870-08-06 08:00:00,1870-08-06 08:00:00,1870-08-06 08:00:00,1870-08-06 08:00:00,
222,1,1870-08-06 05:00:00,1870-08-06 05:00:00,1870-08-06 05:00:00,1870-08-06 05:00:00,
223,1,1870-08-16 10:00:00,1870-08-16 10:00:00,1870-08-16 10:00:00,1870-08-16 10:00:00,
224,1,1870-08-18 11:30:00,1870-08-18 11:30:00,1870-08-18 11:30:00,1870-08-18 11:30:00,
225,1,1870-09-01 04:00:00,1870-09-01 04:00:00,1870-09-01 04:00:00,1870-09-01 04:00:00,
226,1,1870-11-09 09:00:00,1870-11-09 09:00:00,1870-11-09 09:00:00,1870-11-09 09:00:00,
227,1,1870-12-02 00:00:00,1870-12-03 00:00:00,1870-12-02 00:00:00,1870-12-03 00:00:00,
228,1,1871-01-11 09:00:00,1871-01-11 09:00:00,1871-01-11 09:00:00,1871-01-11 09:00:00,
228,2,1871-01-12 08:00:00,1871-01-12 08:00:00,1871-01-12 08:00:00,1871-01-12 08:00:00,
229,1,1871-01-15 00:00:00,1871-01-16 00:00:00,1871-01-15 00:00:00,1871-01-16 00:00:00,
230,1,1879-01-22 12:00:00,1879-01-22 12:00:00,1879-01-22 12:00:00,1879-01-22 12:00:00,
231,1,1879-07-04 08:00:00,1879-07-04 08:00:00,1879-07-04 08:00:00,1879-07-04 08:00:00,
232,1,1881-02-27 12:30:00,1881-02-27 12:30:00,1881-02-27 12:30:00,1881-02-27 12:30:00,
233,1,1882-09-13 04:55:00,1882-09-13 04:55:00,1882-09-13 04:55:00,1882-09-13 04:55:00,
234,1,1898-09-02 06:30:00,1898-09-02 06:30:00,1898-09-02 06:30:00,1898-09-02 06:30:00,
235,1,1896-03-01 00:00:00,1896-03-02 00:00:00,1896-03-01 00:00:00,1896-03-02 00:00:00,
236,1,1899-11-28 05:30:00,1899-11-28 05:30:00,1899-11-28 05:30:00,1899-11-28 05:30:00,
237,1,1899-12-11 05:00:00,1899-12-11 05:00:00,1899-12-11 05:00:00,1899-12-11 05:00:00,
238,1,1899-12-15 06:30:00,1899-12-15 06:30:00,1899-12-15 06:30:00,1899-12-15 06:30:00,
239,1,1900-01-24 08:00:00,1900-01-24 08:00:00,1900-01-24 08:00:00,1900-01-24 08:00:00,
240,1,1900-02-18 08:00:00,1900-02-18 08:00:00,1900-02-18 08:00:00,1900-02-18 08:00:00,
240,2,1900-02-18 14:00:00,1900-02-18 14:00:00,1900-02-18 14:00:00,1900-02-18 14:00:00,
240,3,1900-02-18 17:15:00,1900-02-18 17:15:00,1900-02-18 17:15:00,1900-02-18 17:15:00,
241,1,1898-07-01 06:30:00,1898-07-01 06:30:00,1898-07-01 06:30:00,1898-07-01 06:30:00,
242,1,1904-04-30 04:00:00,1904-04-30 04:00:00,1904-04-30 04:00:00,1904-04-30 04:00:00,
242,2,1904-05-01 05:00:00,1904-05-01 05:00:00,1904-05-01 05:00:00,1904-05-01 05:00:00,
243,1,1904-06-14 12:00:00,1904-06-14 12:00:00,1904-06-14 12:00:00,1904-06-14 12:00:00,
243,2,1904-06-15 05:20:00,1904-06-15 05:20:00,1904-06-15 05:20:00,1904-06-15 05:20:00,
244,1,1904-08-25 00:00:00,1904-08-26 00:00:00,1904-08-25 00:00:00,1904-08-26 00:00:00,
245,1,1904-10-05 00:00:00,1904-10-06 00:00:00,1904-10-05 00:00:00,1904-10-06 00:00:00,
246,1,1905-01-26 10:30:00,1905-01-26 10:30:00,1905-01-26 10:30:00,1905-01-26 10:30:00,
246,2,1905-01-27 05:00:00,1905-01-27 05:00:00,1905-01-27 05:00:00,1905-01-27 05:00:00,
247,1,1905-02-21 00:00:00,1905-02-22 00:00:00,1905-02-21 00:00:00,1905-02-22 00:00:00,
248,1,1912-10-23 05:30:00,1912-10-23 05:30:00,1912-10-23 05:30:00,1912-10-23 05:30:00,
248,2,1912-10-24 05:30:00,1912-10-24 05:30:00,1912-10-24 05:30:00,1912-10-24 05:30:00,
249,1,1912-10-28 00:00:00,1912-10-29 00:00:00,1912-10-28 00:00:00,1912-10-29 00:00:00,
250,1,1912-11-01 00:00:00,1912-11-02 00:00:00,1912-11-01 00:00:00,1912-11-02 00:00:00,
251,1,1912-11-05 00:00:00,1912-11-06 00:00:00,1912-11-05 00:00:00,1912-11-06 00:00:00,
252,1,1913-03-23 00:00:00,1913-03-24 00:00:00,1913-03-23 00:00:00,1913-03-24 00:00:00,
253,1,1920-08-14 00:00:00,1920-08-15 00:00:00,1920-08-14 00:00:00,1920-08-15 00:00:00,
254,1,1920-09-23 00:00:00,1920-09-24 00:00:00,1920-09-23 00:00:00,1920-09-24 00:00:00,
255,1,1937-03-11 00:00:00,1937-03-12 00:00:00,1937-03-11 00:00:00,1937-03-12 00:00:00,
256,1,1938-07-31 02:00:00,1938-07-31 02:00:00,1938-07-31 02:00:00,1938-07-31 02:00:00,
257,1,1938-08-02 08:00:00,1938-08-02 08:00:00,1938-08-02 08:00:00,1938-08-02 08:00:00,
257,2,1938-08-02 20:00:00,1938-08-02 20:00:00,1938-08-02 20:00:00,1938-08-02 20:00:00,
257,3,1938-08-03 01:00:00,1938-08-03 01:00:00,1938-08-03 01:00:00,1938-08-03 01:00:00,
257,4,1938-08-03 05:00:00,1938-08-03 05:00:00,1938-08-03 05:00:00,1938-08-03 05:00:00,
258,1,1938-08-06 00:00:00,1938-08-07 00:00:00,1938-08-06 00:00:00,1938-08-07 00:00:00,
259,1,1939-05-28 00:00:00,1939-05-29 00:00:00,1939-05-28 00:00:00,1939-05-29 00:00:00,
260,1,1939-08-20 00:00:00,1939-08-21 00:00:00,1939-08-20 00:00:00,1939-08-21 00:00:00,
261,1,1939-12-11 00:00:00,1939-12-12 00:00:00,1939-12-11 00:00:00,1939-12-12 00:00:00,
262,1,1914-08-15 00:00:00,1914-08-16 00:00:00,1914-08-15 00:00:00,1914-08-16 00:00:00,
263,1,1914-08-20 00:00:00,1914-08-21 00:00:00,1914-08-20 00:00:00,1914-08-21 00:00:00,
264,1,1914-08-22 00:00:00,1914-08-23 00:00:00,1914-08-22 00:00:00,1914-08-23 00:00:00,
265,1,1914-08-22 00:00:00,1914-08-23 00:00:00,1914-08-22 00:00:00,1914-08-23 00:00:00,
266,1,1914-08-23 09:00:00,1914-08-23 09:00:00,1914-08-23 09:00:00,1914-08-23 09:00:00,
267,1,1914-08-26 06:00:00,1914-08-26 06:00:00,1914-08-26 06:00:00,1914-08-26 06:00:00,
268,1,1914-08-29 09:00:00,1914-08-29 09:00:00,1914-08-29 09:00:00,1914-08-29 09:00:00,
269,1,1914-09-03 00:00:00,1914-09-04 00:00:00,1914-09-03 00:00:00,1914-09-04 00:00:00,
270,1,1914-09-05 00:00:00,1914-09-06 00:00:00,1914-09-05 00:00:00,1914-09-06 00:00:00,
271,1,1914-09-06 00:00:00,1914-09-07 00:00:00,1914-09-06 00:00:00,1914-09-07 00:00:00,
272,1,1914-09-06 00:00:00,1914-09-07 00:00:00,1914-09-06 00:00:00,1914-09-07 00:00:00,
273,1,1914-09-06 00:00:00,1914-09-07 00:00:00,1914-09-06 00:00:00,1914-09-07 00:00:00,
274,1,1914-09-06 00:00:00,1914-09-07 00:00:00,1914-09-06 00:00:00,1914-09-07 00:00:00,
275,1,1914-09-06 00:00:00,1914-09-07 00:00:00,1914-09-06 00:00:00,1914-09-07 00:00:00,
276,1,1914-09-06 00:00:00,1914-09-07 00:00:00,1914-09-06 00:00:00,1914-09-07 00:00:00,
277,1,1914-09-13 00:00:00,1914-09-14 00:00:00,1914-09-13 00:00:00,1914-09-14 00:00:00,
278,1,1914-08-17 11:00:00,1914-08-17 11:00:00,1914-08-17 11:00:00,1914-08-17 11:00:00,
279,1,1914-08-20 04:00:00,1914-08-20 04:00:00,1914-08-20 04:00:00,1914-08-20 04:00:00,
280,1,1914-08-26 00:00:00,1914-08-27 00:00:00,1914-08-26 00:00:00,1914-08-27 00:00:00,
281,1,1914-09-09 00:00:00,1914-09-10 00:00:00,1914-09-09 00:00:00,1914-09-10 00:00:00,
282,1,1914-08-23 00:00:00,1914-08-24 00:00:00,1914-08-23 00:00:00,1914-08-24 00:00:00,
283,1,1914-08-26 00:00:00,1914-08-27 00:00:00,1914-08-26 00:00:00,1914-08-27 00:00:00,
284,1,1914-08-26 00:00:00,1914-08-27 00:00:00,1914-08-26 00:00:00,1914-08-27 00:00:00,
285,1,1914-09-03 00:00:00,1914-09-04 00:00:00,1914-09-03 00:00:00,1914-09-04 00:00:00,
286,1,1914-11-12 00:00:00,1914-11-13 00:00:00,1914-11-12 00:00:00,1914-11-13 00:00:00,
287,1,1914-08-12 00:00:00,1914-08-13 00:00:00,1914-08-12 00:00:00,1914-08-13 00:00:00,
288,1,1914-12-03 00:00:00,1914-12-04 00:00:00,1914-12-03 00:00:00,1914-12-04 00:00:00,
289,1,1915-02-15 00:00:00,1915-02-16 00:00:00,1915-02-15 00:00:00,1915-02-16 00:00:00,
290,1,1915-03-10 08:30:00,1915-03-10 08:30:00,1915-03-10 08:30:00,1915-03-10 08:30:00,
290,2,1915-03-10 17:30:00,1915-03-10 17:30:00,1915-03-10 17:30:00,1915-03-10 17:30:00,
290,3,1915-03-11 07:00:00,1915-03-11 07:00:00,1915-03-11 07:00:00,1915-03-11 07:00:00,
290,4,1915-03-12 05:00:00,1915-03-12 05:00:00,1915-03-12 05:00:00,1915-03-12 05:00:00,
290,5,1915-03-12 12:30:00,1915-03-12 12:30:00,1915-03-12 12:30:00,1915-03-12 12:30:00,
290,6,1915-03-13 09:30:00,1915-03-13 09:30:00,1915-03-13 09:30:00,1915-03-13 09:30:00,
291,1,1915-04-22 00:00:00,1915-04-23 00:00:00,1915-04-22 00:00:00,1915-04-23 00:00:00,
292,1,1915-05-16 00:00:00,1915-05-17 00:00:00,1915-05-16 00:00:00,1915-05-17 00:00:00,
293,1,1915-09-25 00:00:00,1915-09-26 00:00:00,1915-09-25 00:00:00,1915-09-26 00:00:00,
294,1,1915-02-07 00:00:00,1915-02-08 00:00:00,1915-02-07 00:00:00,1915-02-08 00:00:00,
295,1,1915-05-02 00:00:00,1915-05-03 00:00:00,1915-05-02 00:00:00,1915-05-03 00:00:00,
296,1,1915-06-23 00:00:00,1915-06-24 00:00:00,1915-06-23 00:00:00,1915-06-24 00:00:00,
297,1,1915-07-18 00:00:00,1915-07-19 00:00:00,1915-07-18 00:00:00,1915-07-19 00:00:00,
298,1,1915-10-18 00:00:00,1915-10-19 00:00:00,1915-10-18 00:00:00,1915-10-19 00:00:00,
299,1,1915-11-10 00:00:00,1915-11-11 00:00:00,1915-11-10 00:00:00,1915-11-11 00:00:00,
300,1,1915-04-25 04:30:00,1915-04-25 04:30:00,1915-04-25 04:30:00,1915-04-25 04:30:00,
300,2,1915-04-25 20:00:00,1915-04-25 20:00:00,1915-04-25 20:00:00,1915-04-25 20:00:00,
301,1,1915-08-07 00:00:00,1915-08-08 00:00:00,1915-08-07 00:00:00,1915-08-08 00:00:00,
302,1,1915-09-27 00:00:00,1915-09-28 00:00:00,1915-09-27 00:00:00,1915-09-28 00:00:00,
303,1,1915-11-22 00:00:00,1915-11-23 00:00:00,1915-11-22 00:00:00,1915-11-23 00:00:00,
304,1,1916-07-01 00:00:00,1916-07-02 00:00:00,1916-07-01 00:00:00,1916-07-02 00:00:00,
304,2,1916-11-01 00:00:00,1916-11-02 00:00:00,1916-11-01 00:00:00,1916-11-02 00:00:00,
305,1,1916-07-01 07:30:00,1916-07-01 07:30:00,1916-07-01 07:30:00,1916-07-01 07:30:00,
306,1,1916-07-01 07:30:00,1916-07-01 07:30:00,1916-07-01 07:30:00,1916-07-01 07:30:00,
307,1,1916-07-14 03:30:00,1916-07-14 03:30:00,1916-07-14 03:30:00,1916-07-14 03:30:00,
308,1,1916-09-15 06:20:00,1916-09-15 06:20:00,1916-09-15 06:20:00,1916-09-15 06:20:00,
309,1,1916-01-10 00:00:00,1916-01-11 00:00:00,1916-01-10 00:00:00,1916-01-11 00:00:00,
310,1,1916-03-18 00:00:00,1916-03-19 00:00:00,1916-03-18 00:00:00,1916-03-19 00:00:00,
311,1,1916-06-04 00:00:00,1916-06-05 00:00:00,1916-06-04 00:00:00,1916-06-05 00:00:00,
312,1,1916-03-11 00:00:00,1916-03-12 00:00:00,1916-03-11 00:00:00,1916-03-12 00:00:00,
313,1,1916-05-15 00:00:00,1916-05-16 00:00:00,1916-05-15 00:00:00,1916-05-16 00:00:00,
314,1,1916-06-16 00:00:00,1916-06-17 00:00:00,1916-06-16 00:00:00,1916-06-17 00:00:00,
315,1,1916-08-06 00:00:00,1916-08-07 00:00:00,1916-08-06 00:00:00,1916-08-07 00:00:00,
316,1,1917-04-09 00:00:00,1917-04-10 00:00:00,1917-04-09 00:00:00,1917-04-10 00:00:00,
317,1,1917-04-16 00:00:00,1917-04-17 00:00:00,1917-04-16 00:00:00,1917-04-17 00:00:00,
318,1,1917-06-07 00:00:00,1917-06-08 00:00:00,1917-06-07 00:00:00,1917-06-08 00:00:00,
319,1,1917-07-31 00:00:00,1917-08-01 00:00:00,1917-07-31 00:00:00,1917-08-01 00:00:00,
320,1,1917-11-20 00:00:00,1917-11-21 00:00:00,1917-11-20 00:00:00,1917-11-21 00:00:00,
321,1,1917-11-30 00:00:00,1917-12-01 00:00:00,1917-11-30 00:00:00,1917-12-01 00:00:00,
322,1,1917-05-12 00:00:00,1917-05-13 00:00:00,1917-05-12 00:00:00,1917-05-13 00:00:00,
323,1,1917-08-18 00:00:00,1917-08-19 00:00:00,1917-08-18 00:00:00,1917-08-19 00:00:00,
324,1,1917-10-24 00:00:00,1917-10-25 00:00:00,1917-10-24 00:00:00,1917-10-25 00:00:00,
325,1,1917-02-22 10:00:00,1917-02-22 10:00:00,1917-02-22 10:00:00,1917-02-22 10:00:00,
325,2,1917-02-23 05:30:00,1917-02-23 05:30:00,1917-02-23 05:30:00,1917-02-23 05:30:00,
325,3,1917-02-24 06:15:00,1917-02-24 06:15:00,1917-02-24 06:15:00,1917-02-24 06:15:00,
326,1,1917-03-26 11:45:00,1917-03-26 11:45:00,1917-03-26 11:45:00,1917-03-26 11:45:00,
326,2,1917-03-27 05:30:00,1917-03-27 05:30:00,1917-03-27 05:30:00,1917-03-27 05:30:00,
326,3,1917-03-27 19:00:00,1917-03-27 19:00:00,1917-03-27 19:00:00,1917-03-27 19:00:00,
327,1,1917-04-17 04:15:00,1917-04-17 04:15:00,1917-04-17 04:15:00,1917-04-17 04:15:00,
327,2,1917-04-19 06:30:00,1917-04-19 06:30:00,1917-04-19 06:30:00,1917-04-19 06:30:00,
328,1,1917-10-31 00:00:00,1917-11-01 00:00:00,1917-10-31 00:00:00,1917-11-01 00:00:00,
329,1,1917-11-13 00:00:00,1917-11-14 00:00:00,1917-11-13 00:00:00,1917-11-14 00:00:00,
330,1,1918-03-21 00:00:00,1918-03-22 00:00:00,1918-03-21 00:00:00,1918-03-22 00:00:00,
331,1,1918-03-27 00:00:00,1918-03-28 00:00:00,1918-03-27 00:00:00,1918-03-28 00:00:00,
332,1,1918-04-09 00:00:00,1918-04-10 00:00:00,1918-04-09 00:00:00,1918-04-10 00:00:00,
333,1,1918-04-14 00:30:00,1918-04-14 00:30:00,1918-04-14 00:30:00,1918-04-14 00:30:00,
334,1,1918-05-27 00:00:00,1918-05-28 00:00:00,1918-05-27 00:00:00,1918-05-28 00:00:00,
335,1,1918-05-28 06:45:00,1918-05-28 06:45:00,1918-05-28 06:45:00,1918-05-28 06:45:00,
335,2,1918-05-28 07:30:00,1918-05-28 07:30:00,1918-05-28 07:30:00,1918-05-28 07:30:00,
335,3,1918-05-28 09:30:00,1918-05-28 09:30:00,1918-05-28 09:30:00,1918-05-28 09:30:00,
335,4,1918-05-28 17:10:00,1918-05-28 17:10:00,1918-05-28 17:10:00,1918-05-28 17:10:00,
335,5,1918-05-28 18:30:00,1918-05-28 18:30:00,1918-05-28 18:30:00,1918-05-28 18:30:00,
336,1,1918-06-06 03:45:00,1918-06-06 03:45:00,1918-06-06 03:45:00,1918-06-06 03:45:00,
336,2,1918-06-06 17:00:00,1918-06-06 17:00:00,1918-06-06 17:00:00,1918-06-06 17:00:00,
337,1,1918-06-06 03:45:00,1918-06-06 03:45:00,1918-06-06 03:45:00,1918-06-06 03:45:00,
338,1,1918-06-06 17:00:00,1918-06-06 17:00:00,1918-06-06 17:00:00,1918-06-06 17:00:00,
339,1,1918-06-06 17:00:00,1918-06-06 17:00:00,1918-06-06 17:00:00,1918-06-06 17:00:00,
340,1,1918-06-06 17:00:00,1918-06-06 17:00:00,1918-06-06 17:00:00,1918-06-06 17:00:00,
341,1,1918-06-11 04:30:00,1918-06-11 04:30:00,1918-06-11 04:30:00,1918-06-11 04:30:00,
342,1,1918-06-12 17:30:00,1918-06-12 17:30:00,1918-06-12 17:30:00,1918-06-12 17:30:00,
343,1,1918-06-13 03:00:00,1918-06-13 03:00:00,1918-06-13 03:00:00,1918-06-13 03:00:00,
344,1,1918-06-21 03:15:00,1918-06-21 03:15:00,1918-06-21 03:15:00,1918-06-21 03:15:00,
345,1,1918-06-23 19:00:00,1918-06-23 19:00:00,1918-06-23 19:00:00,1918-06-23 19:00:00,
346,1,1918-06-25 17:00:00,1918-06-25 17:00:00,1918-06-25 17:00:00,1918-06-25 17:00:00,
347,1,1918-07-01 17:00:00,1918-07-01 17:00:00,1918-07-01 17:00:00,1918-07-01 17:00:00,
348,1,1918-07-01 18:00:00,1918-07-01 18:00:00,1918-07-01 18:00:00,1918-07-01 18:00:00,
349,1,1918-07-01 17:00:00,1918-07-01 17:00:00,1918-07-01 17:00:00,1918-07-01 17:00:00,
350,1,1918-06-09 00:00:00,1918-06-10 00:00:00,1918-06-09 00:00:00,1918-06-10 00:00:00,
351,1,1918-07-15 00:00:00,1918-07-16 00:00:00,1918-07-15 00:00:00,1918-07-16 00:00:00,
352,1,1918-07-18 00:00:00,1918-07-19 00:00:00,1918-07-18 00:00:00,1918-07-19 00:00:00,
353,1,1918-07-18 04:35:00,1918-07-18 04:35:00,1918-07-18 04:35:00,1918-07-18 04:35:00,
354,1,1918-07-18 04:35:00,1918-07-18 04:35:00,1918-07-18 04:35:00,1918-07-18 04:35:00,
355,1,1918-07-18 04:35:00,1918-07-18 04:35:00,1918-07-18 04:35:00,1918-07-18 04:35:00,
356,1,1918-07-18 04:35:00,1918-07-18 04:35:00,1918-07-18 04:35:00,1918-07-18 04:35:00,
357,1,1918-07-18 04:35:00,1918-07-18 04:35:00,1918-07-18 04:35:00,1918-07-18 04:35:00,
358,1,1918-07-18 04:35:00,1918-07-18 04:35:00,1918-07-18 04:35:00,1918-07-18 04:35:00,
359,1,1918-07-20 00:00:00,1918-07-21 00:00:00,1918-07-20 00:00:00,1918-07-21 00:00:00,
360,1,1918-07-21 08:30:00,1918-07-21 08:30:00,1918-07-21 08:30:00,1918-07-21 08:30:00,
361,1,1918-07-21 00:00:00,1918-07-22 00:00:00,1918-07-21 00:00:00,1918-07-22 00:00:00,
362,1,1918-08-08 00:00:00,1918-08-09 00:00:00,1918-08-08 00:00:00,1918-08-09 00:00:00,
363,1,1918-08-21 00:00:00,1918-08-22 00:00:00,1918-08-21 00:00:00,1918-08-22 00:00:00,
364,1,1918-09-12 00:00:00,1918-09-13 00:00:00,1918-09-12 00:00:00,1918-09-13 00:00:00,
365,1,1918-09-12 05:00:00,1918-09-12 05:00:00,1918-09-12 05:00:00,1918-09-12 05:00:00,
366,1,1918-09-26 00:00:00,1918-09-27 00:00:00,1918-09-26 00:00:00,1918-09-27 00:00:00,
367,1,1918-10-03 00:00:00,1918-10-04 00:00:00,1918-10-03 00:00:00,1918-10-04 00:00:00,
368,1,1918-10-03 05:50:00,1918-10-03 05:50:00,1918-10-03 05:50:00,1918-10-03 05:50:00,
369,1,1918-10-03 00:00:00,1918-10-04 00:00:00,1918-10-03 00:00:00,1918-10-04 00:00:00,
370,1,1918-10-03 05:50:00,1918-10-03 05:50:00,1918-10-03 05:50:00,1918-10-03 05:50:00,
371,1,1918-10-03 05:50:00,1918-10-03 05:50:00,1918-10-03 05:50:00,1918-10-03 05:50:00,
372,1,1918-10-08 00:00:00,1918-10-09 00:00:00,1918-10-08 00:00:00,1918-10-09 00:00:00,
373,1,1918-10-04 00:00:00,1918-10-05 00:00:00,1918-10-04 00:00:00,1918-10-05 00:00:00,
374,1,1918-10-04 05:30:00,1918-10-04 05:30:00,1918-10-04 05:30:00,1918-10-04 05:30:00,
374,2,1918-10-04 17:30:00,1918-10-04 17:30:00,1918-10-04 17:30:00,1918-10-04 17:30:00,
375,1,1918-10-04 05:30:00,1918-10-04 05:30:00,1918-10-04 05:30:00,1918-10-04 05:30:00,
376,1,1918-10-04 00:00:00,1918-10-05 00:00:00,1918-10-04 00:00:00,1918-10-05 00:00:00,
377,1,1918-10-04 05:30:00,1918-10-04 05:30:00,1918-10-04 05:30:00,1918-10-04 05:30:00,
378,1,1918-10-05 06:30:00,1918-10-05 06:30:00,1918-10-05 06:30:00,1918-10-05 06:30:00,
379,1,1918-10-05 00:00:00,1918-10-06 00:00:00,1918-10-05 00:00:00,1918-10-06 00:00:00,
380,1,1918-10-09 08:30:00,1918-10-09 08:30:00,1918-10-09 08:30:00,1918-10-09 08:30:00,
381,1,1918-11-01 00:00:00,1918-11-02 00:00:00,1918-11-01 00:00:00,1918-11-02 00:00:00,
382,1,1918-11-07 02:00:00,1918-11-07 02:00:00,1918-11-07 02:00:00,1918-11-07 02:00:00,
383,1,1918-11-07 07:30:00,1918-11-07 07:30:00,1918-11-07 07:30:00,1918-11-07 07:30:00,
384,1,1918-06-15 00:00:00,1918-06-16 00:00:00,1918-06-15 00:00:00,1918-06-16 00:00:00,
385,1,1918-09-19 00:00:00,1918-09-20 00:00:00,1918-09-19 00:00:00,1918-09-20 00:00:00,
386,1,1942-08-31 01:30:00,1942-08-31 01:30:00,1942-08-31 01:30:00,1942-08-31 01:30:00,
386,2,1942-08-31 13:00:00,1942-08-31 13:00:00,1942-08-31 13:00:00,1942-08-31 13:00:00,
386,3,1942-08-31 17:45:00,1942-08-31 17:45:00,1942-08-31 17:45:00,1942-08-31 17:45:00,
386,4,1942-09-01 04:00:00,1942-09-01 04:00:00,1942-09-01 04:00:00,1942-09-01 04:00:00,
386,5,1942-09-01 12:00:00,1942-09-01 12:00:00,1942-09-01 12:00:00,1942-09-01 12:00:00,
386,6,1942-09-02 05:00:00,1942-09-02 05:00:00,1942-09-02 05:00:00,1942-09-02 05:00:00,
387,1,1942-10-23 00:00:00,1942-10-24 00:00:00,1942-10-23 00:00:00,1942-10-24 00:00:00,
388,1,1942-10-23 00:00:00,1942-10-24 00:00:00,1942-10-23 00:00:00,1942-10-24 00:00:00,
389,1,1942-10-26 00:00:00,1942-10-27 00:00:00,1942-10-26 00:00:00,1942-10-27 00:00:00,
390,1,1942-11-02 00:00:00,1942-11-03 00:00:00,1942-11-02 00:00:00,1942-11-03 00:00:00,
391,1,1942-11-26 05:30:00,1942-11-26 05:30:00,1942-11-26 05:30:00,1942-11-26 05:30:00,
392,1,1943-03-23 05:00:00,1943-03-23 05:00:00,1943-03-23 05:00:00,1943-03-23 05:00:00,
392,2,1943-03-23 16:45:00,1943-03-23 16:45:00,1943-03-23 16:45:00,1943-03-23 16:45:00,
393,1,1943-04-23 00:00:00,1943-04-24 00:00:00,1943-04-23 00:00:00,1943-04-24 00:00:00,
394,1,1943-09-09 00:00:00,1943-09-10 00:00:00,1943-09-09 00:00:00,1943-09-10 00:00:00,
395,1,1943-09-09 00:00:00,1943-09-10 00:00:00,1943-09-09 00:00:00,1943-09-10 00:00:00,
396,1,1943-09-11 10:00:00,1943-09-11 10:00:00,1943-09-11 10:00:00,1943-09-11 10:00:00,
397,1,1943-09-12 00:00:00,1943-09-13 00:00:00,1943-09-12 00:00:00,1943-09-13 00:00:00,
398,1,1943-09-12 00:00:00,1943-09-13 00:00:00,1943-09-12 00:00:00,1943-09-13 00:00:00,
399,1,1943-09-13 13:10:00,1943-09-13 13:10:00,1943-09-13 13:10:00,1943-09-13 13:10:00,
399,2,1943-09-14 08:00:00,1943-09-14 08:00:00,1943-09-14 08:00:00,1943-09-14 08:00:00,
399,3,1943-09-14 10:30:00,1943-09-14 10:30:00,1943-09-14 10:30:00,1943-09-14 10:30:00,
400,1,1943-09-17 00:00:00,1943-09-18 00:00:00,1943-09-17 00:00:00,1943-09-18 00:00:00,
401,1,1943-09-17 00:00:00,1943-09-18 00:00:00,1943-09-17 00:00:00,1943-09-18 00:00:00,
402,1,1943-09-17 00:00:00,1943-09-18 00:00:00,1943-09-17 00:00:00,1943-09-18 00:00:00,
403,1,1943-10-12 00:00:00,1943-10-13 00:00:00,1943-10-12 00:00:00,1943-10-13 00:00:00,
404,1,1943-10-13 02:00:00,1943-10-13 02:00:00,1943-10-13 02:00:00,1943-10-13 02:00:00,
404,2,1943-10-13 14:00:00,1943-10-13 14:00:00,1943-10-13 14:00:00,1943-10-13 14:00:00,
404,3,1943-10-14 06:15:00,1943-10-14 06:15:00,1943-10-14 06:15:00,1943-10-14 06:15:00,
405,1,1943-10-13 00:00:00,1943-10-14 00:00:00,1943-10-13 00:00:00,1943-10-14 00:00:00,
406,1,1943-10-13 00:00:00,1943-10-14 00:00:00,1943-10-13 00:00:00,1943-10-14 00:00:00,
407,1,1943-10-13 00:00:00,1943-10-14 00:00:00,1943-10-13 00:00:00,1943-10-14 00:00:00,
408,1,1943-10-13 02:00:00,1943-10-13 02:00:00,1943-10-13 02:00:00,1943-10-13 02:00:00,
408,2,1943-10-14 16:45:00,1943-10-14 16:45:00,1943-10-14 16:45:00,1943-10-14 16:45:00,
409,1,1943-10-15 00:00:00,1943-10-16 00:00:00,1943-10-15 00:00:00,1943-10-16 00:00:00,
410,1,1943-10-17 00:00:00,1943-10-18 00:00:00,1943-10-17 00:00:00,1943-10-18 00:00:00,
411,1,1943-10-16 00:00:00,1943-10-17 00:00:00,1943-10-16 00:00:00,1943-10-17 00:00:00,
412,1,1943-10-18 00:00:00,1943-10-19 00:00:00,1943-10-18 00:00:00,1943-10-19 00:00:00,
413,1,1943-10-20 00:00:00,1943-10-21 00:00:00,1943-10-20 00:00:00,1943-10-21 00:00:00,
414,1,1943-11-04 00:00:00,1943-11-05 00:00:00,1943-11-04 00:00:00,1943-11-05 00:00:00,
415,1,1943-11-05 00:00:00,1943-11-06 00:00:00,1943-11-05 00:00:00,1943-11-06 00:00:00,
416,1,1943-11-06 00:00:00,1943-11-07 00:00:00,1943-11-06 00:00:00,1943-11-07 00:00:00,
417,1,1943-11-06 00:00:00,1943-11-07 00:00:00,1943-11-06 00:00:00,1943-11-07 00:00:00,
418,1,1943-11-08 00:00:00,1943-11-09 00:00:00,1943-11-08 00:00:00,1943-11-09 00:00:00,
419,1,1943-11-08 00:00:00,1943-11-09 00:00:00,1943-11-08 00:00:00,1943-11-09 00:00:00,
420,1,1943-12-01 17:00:00,1943-12-01 17:00:00,1943-12-01 17:00:00,1943-12-01 17:00:00,
420,2,1943-12-02 06:30:00,1943-12-02 06:30:00,1943-12-02 06:30:00,1943-12-02 06:30:00,
421,1,1943-12-02 18:00:00,1943-12-02 18:00:00,1943-12-02 18:00:00,1943-12-02 18:00:00,
422,1,1943-12-02 16:30:00,1943-12-02 16:30:00,1943-12-02 16:30:00,1943-12-02 16:30:00,
423,1,1944-01-25 00:00:00,1944-01-26 00:00:00,1944-01-25 00:00:00,1944-01-26 00:00:00,
424,1,1944-01-27 00:00:00,1944-01-28 00:00:00,1944-01-27 00:00:00,1944-01-28 00:00:00,
425,1,1944-01-29 23:00:00,1944-01-29 23:00:00,1944-01-29 23:00:00,1944-01-29 23:00:00,
425,2,1944-01-30 15:10:00,1944-01-30 15:10:00,1944-01-30 15:10:00,1944-01-30 15:10:00,
425,3,1944-01-31 10:30:00,1944-01-31 10:30:00,1944-01-31 10:30:00,1944-01-31 10:30:00,
426,1,1944-02-03 15:00:00,1944-02-03 15:00:00,1944-02-03 15:00:00,1944-02-03 15:00:00,
426,2,1944-02-03 23:00:00,1944-02-03 23:00:00,1944-02-03 23:00:00,1944-02-03 23:00:00,
426,3,1944-02-04 21:00:00,1944-02-04 21:00:00,1944-02-04 21:00:00,1944-02-04 21:00:00,
427,1,1944-02-07 22:00:00,1944-02-07 22:00:00,1944-02-07 22:00:00,1944-02-07 22:00:00,
428,1,1944-02-07 00:00:00,1944-02-08 00:00:00,1944-02-07 00:00:00,1944-02-08 00:00:00,
429,1,1944-02-09 00:00:00,1944-02-09 00:00:00,1944-02-09 00:00:00,1944-02-09 00:00:00,
430,1,1944-02-11 06:30:00,1944-02-11 06:30:00,1944-02-11 06:30:00,1944-02-11 06:30:00,
430,2,1944-02-12 02:00:00,1944-02-12 02:00:00,1944-02-12 02:00:00,1944-02-12 02:00:00,
431,1,1944-02-16 06:00:00,1944-02-16 06:00:00,1944-02-16 06:00:00,1944-02-16 06:00:00,
431,2,1944-02-17 00:00:00,1944-02-17 00:00:00,1944-02-17 00:00:00,1944-02-17 00:00:00,
431,3,1944-02-17 12:00:00,1944-02-17 12:00:00,1944-02-17 12:00:00,1944-02-17 12:00:00,
431,4,1944-02-18 04:00:00,1944-02-18 04:00:00,1944-02-18 04:00:00,1944-02-18 04:00:00,
431,5,1944-02-19 06:30:00,1944-02-19 06:30:00,1944-02-19 06:30:00,1944-02-19 06:30:00,
431,6,1944-02-19 13:30:00,1944-02-19 13:30:00,1944-02-19 13:30:00,1944-02-19 13:30:00,
432,1,1944-02-16 00:00:00,1944-02-17 00:00:00,1944-02-16 00:00:00,1944-02-17 00:00:00,
433,1,1944-02-21 00:00:00,1944-02-22 00:00:00,1944-02-21 00:00:00,1944-02-22 00:00:00,
434,1,1944-05-11 23:00:00,1944-05-11 23:00:00,1944-05-11 23:00:00,1944-05-11 23:00:00,
434,2,1944-05-13 16:30:00,1944-05-13 16:30:00,1944-05-13 16:30:00,1944-05-13 16:30:00,
435,1,1944-05-12 00:00:00,1944-05-12 00:00:00,1944-05-12 00:00:00,1944-05-12 00:00:00,
435,2,1944-05-13 16:30:00,1944-05-13 16:30:00,1944-05-13 16:30:00,1944-05-13 16:30:00,
436,1,1944-05-14 15:00:00,1944-05-14 15:00:00,1944-05-14 15:00:00,1944-05-14 15:00:00,
436,2,1944-05-15 09:00:00,1944-05-15 09:00:00,1944-05-15 09:00:00,1944-05-15 09:00:00,
437,1,1944-05-14 04:00:00,1944-05-14 04:00:00,1944-05-14 04:00:00,1944-05-14 04:00:00,
437,2,1944-05-15 06:00:00,1944-05-15 06:00:00,1944-05-15 06:00:00,1944-05-15 06:00:00,
438,1,1944-05-16 00:00:00,1944-05-17 00:00:00,1944-05-16 00:00:00,1944-05-17 00:00:00,
439,1,1944-05-17 14:30:00,1944-05-17 14:30:00,1944-05-17 14:30:00,1944-05-17 14:30:00,
440,1,1944-05-20 00:00:00,1944-05-21 00:00:00,1944-05-20 00:00:00,1944-05-21 00:00:00,
441,1,1944-05-22 14:00:00,1944-05-22 14:00:00,1944-05-22 14:00:00,1944-05-22 14:00:00,
441,2,1944-05-22 21:00:00,1944-05-22 21:00:00,1944-05-22 21:00:00,1944-05-22 21:00:00,
441,3,1944-05-23 09:00:00,1944-05-23 09:00:00,1944-05-23 09:00:00,1944-05-23 09:00:00,
442,1,1944-05-23 06:00:00,1944-05-23 06:00:00,1944-05-23 06:00:00,1944-05-23 06:00:00,
442,2,1944-05-23 21:10:00,1944-05-23 21:10:00,1944-05-23 21:10:00,1944-05-23 21:10:00,
443,1,1944-05-23 00:00:00,1944-05-24 00:00:00,1944-05-23 00:00:00,1944-05-24 00:00:00,
444,1,1944-05-23 06:30:00,1944-05-23 06:30:00,1944-05-23 06:30:00,1944-05-23 06:30:00,
444,2,1944-05-24 05:30:00,1944-05-24 05:30:00,1944-05-24 05:30:00,1944-05-24 05:30:00,
444,3,1944-05-25 06:00:00,1944-05-25 06:00:00,1944-05-25 06:00:00,1944-05-25 06:00:00,
445,1,1944-05-23 06:30:00,1944-05-23 06:30:00,1944-05-23 06:30:00,1944-05-23 06:30:00,
445,2,1944-05-24 08:00:00,1944-05-24 08:00:00,1944-05-24 08:00:00,1944-05-24 08:00:00,
445,3,1944-05-25 04:00:00,1944-05-25 04:00:00,1944-05-25 04:00:00,1944-05-25 04:00:00,
446,1,1944-05-25 00:00:00,1944-05-26 00:00:00,1944-05-25 00:00:00,1944-05-26 00:00:00,
447,1,1944-05-26 13:00:00,1944-05-26 13:00:00,1944-05-26 13:00:00,1944-05-26 13:00:00,
448,1,1944-05-26 00:00:00,1944-05-27 00:00:00,1944-05-26 00:00:00,1944-05-27 00:00:00,
449,1,1944-05-27 00:00:00,1944-05-28 00:00:00,1944-05-27 00:00:00,1944-05-28 00:00:00,
450,1,1944-05-28 00:00:00,1944-05-29 00:00:00,1944-05-28 00:00:00,1944-05-29 00:00:00,
451,1,1944-05-29 00:00:00,1944-05-30 00:00:00,1944-05-29 00:00:00,1944-05-30 00:00:00,
452,1,1944-05-29 00:00:00,1944-05-30 00:00:00,1944-05-29 00:00:00,1944-05-30 00:00:00,
453,1,1944-06-01 05:00:00,1944-06-01 05:00:00,1944-06-01 05:00:00,1944-06-01 05:00:00,
453,2,1944-06-02 04:30:00,1944-06-02 04:30:00,1944-06-02 04:30:00,1944-06-02 04:30:00,
454,1,1944-06-01 05:30:00,1944-06-01 05:30:00,1944-06-01 05:30:00,1944-06-01 05:30:00,
454,2,1944-06-02 06:00:00,1944-06-02 06:00:00,1944-06-02 06:00:00,1944-06-02 06:00:00,
455,1,1944-06-01 05:00:00,1944-06-01 05:00:00,1944-06-01 05:00:00,1944-06-01 05:00:00,
455,2,1944-06-02 06:00:00,1944-06-02 06:00:00,1944-06-02 06:00:00,1944-06-02 06:00:00,
456,1,1944-06-03 00:00:00,1944-06-04 00:00:00,1944-06-03 00:00:00,1944-06-04 00:00:00,
457,1,1944-09-13 00:00:00,1944-09-14 00:00:00,1944-09-13 00:00:00,1944-09-14 00:00:00,
458,1,1944-07-11 00:00:00,1944-07-12 00:00:00,1944-07-11 00:00:00,1944-07-12 00:00:00,
459,1,1944-07-18 07:45:00,1944-07-18 07:45:00,1944-07-18 07:45:00,1944-07-18 07:45:00,
459,2,1944-07-19 13:00:00,1944-07-19 13:00:00,1944-07-19 13:00:00,1944-07-19 13:00:00,
459,3,1944-07-20 05:30:00,1944-07-20 05:30:00,1944-07-20 05:30:00,1944-07-20 05:30:00,
460,1,1944-07-24 00:00:00,1944-07-25 00:00:00,1944-07-24 00:00:00,1944-07-25 00:00:00,
461,1,1944-08-07 00:01:00,1944-08-07 00:01:00,1944-08-07 00:01:00,1944-08-07 00:01:00,
462,1,1944-08-16 00:00:00,1944-08-17 00:00:00,1944-08-16 00:00:00,1944-08-17 00:00:00,
463,1,1944-08-23 00:00:00,1944-08-24 00:00:00,1944-08-23 00:00:00,1944-08-24 00:00:00,
464,1,1944-08-23 00:00:00,1944-08-24 00:00:00,1944-08-23 00:00:00,1944-08-24 00:00:00,
465,1,1944-09-06 00:00:00,1944-09-07 00:00:00,1944-09-06 00:00:00,1944-09-07 00:00:00,
466,1,1944-09-13 00:00:00,1944-09-14 00:00:00,1944-09-13 00:00:00,1944-09-14 00:00:00,
467,1,1944-09-19 07:30:00,1944-09-19 07:30:00,1944-09-19 07:30:00,1944-09-19 07:30:00,
467,2,1944-09-20 11:00:00,1944-09-20 11:00:00,1944-09-20 11:00:00,1944-09-20 11:00:00,
467,3,1944-09-22 09:45:00,1944-09-22 09:45:00,1944-09-22 09:45:00,1944-09-22 09:45:00,
468,1,1944-10-02 11:00:00,1944-10-02 11:00:00,1944-10-02 11:00:00,1944-10-02 11:00:00,
468,2,1944-10-03 06:00:00,1944-10-03 06:00:00,1944-10-03 06:00:00,1944-10-03 06:00:00,
468,3,1944-10-04 05:00:00,1944-10-04 05:00:00,1944-10-04 05:00:00,1944-10-04 05:00:00,
468,4,1944-10-05 06:00:00,1944-10-05 06:00:00,1944-10-05 06:00:00,1944-10-05 06:00:00,
468,5,1944-10-06 07:10:00,1944-10-06 07:10:00,1944-10-06 07:10:00,1944-10-06 07:10:00,
468,6,1944-10-07 09:00:00,1944-10-07 09:00:00,1944-10-07 09:00:00,1944-10-07 09:00:00,
469,1,1944-11-02 00:00:00,1944-11-03 00:00:00,1944-11-02 00:00:00,1944-11-03 00:00:00,
470,1,1944-11-08 00:00:00,1944-11-09 00:00:00,1944-11-08 00:00:00,1944-11-09 00:00:00,
471,1,1944-11-10 00:00:00,1944-11-11 00:00:00,1944-11-10 00:00:00,1944-11-11 00:00:00,
472,1,1944-11-13 00:00:00,1944-11-14 00:00:00,1944-11-13 00:00:00,1944-11-14 00:00:00,
473,1,1944-11-13 00:00:00,1944-11-14 00:00:00,1944-11-13 00:00:00,1944-11-14 00:00:00,
474,1,1944-11-14 08:45:00,1944-11-14 08:45:00,1944-11-14 08:45:00,1944-11-14 08:45:00,
474,2,1944-11-15 03:00:00,1944-11-15 03:00:00,1944-11-15 03:00:00,1944-11-15 03:00:00,
475,1,1944-11-20 00:00:00,1944-11-21 00:00:00,1944-11-20 00:00:00,1944-11-21 00:00:00,
476,1,1944-11-24 00:00:00,1944-11-25 00:00:00,1944-11-24 00:00:00,1944-11-25 00:00:00,
477,1,1944-11-26 10:45:00,1944-11-26 10:45:00,1944-11-26 10:45:00,1944-11-26 10:45:00,
478,1,1944-11-27 00:00:00,1944-11-28 00:00:00,1944-11-27 00:00:00,1944-11-28 00:00:00,
479,1,1944-11-28 00:00:00,1944-11-29 00:00:00,1944-11-28 00:00:00,1944-11-29 00:00:00,
480,1,1944-12-01 00:00:00,1944-12-02 00:00:00,1944-12-01 00:00:00,1944-12-02 00:00:00,
481,1,1944-12-06 00:00:00,1944-12-07 00:00:00,1944-12-06 00:00:00,1944-12-07 00:00:00,
482,1,1944-12-06 08:30:00,1944-12-06 08:30:00,1944-12-06 08:30:00,1944-12-06 08:30:00,
483,1,1944-12-16 00:00:00,1944-12-17 00:00:00,1944-12-16 00:00:00,1944-12-17 00:00:00,
484,1,1944-12-17 00:00:00,1944-12-18 00:00:00,1944-12-17 00:00:00,1944-12-18 00:00:00,
485,1,1944-12-18 00:00:00,1944-12-19 00:00:00,1944-12-18 00:00:00,1944-12-19 00:00:00,
486,1,1940-05-13 00:00:00,1940-05-14 00:00:00,1940-05-13 00:00:00,1940-05-14 00:00:00,
487,1,1941-12-12 03:00:00,1941-12-12 03:00:00,1941-12-12 03:00:00,1941-12-12 03:00:00,
487,2,1941-12-12 09:00:00,1941-12-12 09:00:00,1941-12-12 09:00:00,1941-12-12 09:00:00,
488,1,1941-06-22 00:00:00,1941-06-23 00:00:00,1941-06-22 00:00:00,1941-06-23 00:00:00,
489,1,1941-09-30 00:00:00,1941-10-01 00:00:00,1941-09-30 00:00:00,1941-10-01 00:00:00,
490,1,1941-12-05 00:00:00,1941-12-06 00:00:00,1941-12-05 00:00:00,1941-12-06 00:00:00,
491,1,1942-08-04 07:45:00,1942-08-04 07:45:00,1942-08-04 07:45:00,1942-08-04 07:45:00,
491,2,1942-08-05 05:30:00,1942-08-05 05:30:00,1942-08-05 05:30:00,1942-08-05 05:30:00,
491,3,1942-08-06 09:00:00,1942-08-06 09:00:00,1942-08-06 09:00:00,1942-08-06 09:00:00,
491,4,1942-08-07 05:10:00,1942-08-07 05:10:00,1942-08-07 05:10:00,1942-08-07 05:10:00,
491,5,1942-08-08 05:30:00,1942-08-08 05:30:00,1942-08-08 05:30:00,1942-08-08 05:30:00,
491,6,1942-08-09 04:30:00,1942-08-09 04:30:00,1942-08-09 04:30:00,1942-08-09 04:30:00,
491,7,1942-08-10 05:00:00,1942-08-10 05:00:00,1942-08-10 05:00:00,1942-08-10 05:00:00,
491,8,1942-08-11 04:15:00,1942-08-11 04:15:00,1942-08-11 04:15:00,1942-08-11 04:15:00,
492,1,1943-01-12 00:00:00,1943-01-13 00:00:00,1943-01-12 00:00:00,1943-01-13 00:00:00,
493,1,1943-07-04 00:00:00,1943-07-05 00:00:00,1943-07-04 00:00:00,1943-07-05 00:00:00,
494,1,1943-07-05 00:00:00,1943-07-06 00:00:00,1943-07-05 00:00:00,1943-07-06 00:00:00,
495,1,1943-07-07 00:00:00,1943-07-08 00:00:00,1943-07-07 00:00:00,1943-07-08 00:00:00,
496,1,1943-07-11 00:00:00,1943-07-12 00:00:00,1943-07-11 00:00:00,1943-07-12 00:00:00,
497,1,1943-07-12 00:00:00,1943-07-13 00:00:00,1943-07-12 00:00:00,1943-07-13 00:00:00,
498,1,1943-08-03 00:00:00,1943-08-04 00:00:00,1943-08-03 00:00:00,1943-08-04 00:00:00,
499,1,1943-08-03 00:00:00,1943-08-04 00:00:00,1943-08-03 00:00:00,1943-08-04 00:00:00,
500,1,1943-09-26 00:00:00,1943-09-27 00:00:00,1943-09-26 00:00:00,1943-09-27 00:00:00,
501,1,1944-01-24 00:00:00,1944-01-25 00:00:00,1944-01-24 00:00:00,1944-01-25 00:00:00,
502,1,1944-01-31 00:00:00,1944-02-01 00:00:00,1944-01-31 00:00:00,1944-02-01 00:00:00,
503,1,1944-05-05 00:00:00,1944-05-06 00:00:00,1944-05-05 00:00:00,1944-05-06 00:00:00,
504,1,1944-06-25 00:00:00,1944-06-26 00:00:00,1944-06-25 00:00:00,1944-06-26 00:00:00,
505,1,1944-07-13 00:00:00,1944-07-14 00:00:00,1944-07-13 00:00:00,1944-07-14 00:00:00,
506,1,1944-07-14 05:15:00,1944-07-14 05:15:00,1944-07-14 05:15:00,1944-07-14 05:15:00,
507,1,1944-07-15 04:00:00,1944-07-15 04:00:00,1944-07-15 04:00:00,1944-07-15 04:00:00,
508,1,1944-07-29 00:00:00,1944-07-30 00:00:00,1944-07-29 00:00:00,1944-07-30 00:00:00,
509,1,1944-08-02 00:00:00,1944-08-03 00:00:00,1944-08-02 00:00:00,1944-08-03 00:00:00,
510,1,1944-08-20 00:00:00,1944-08-21 00:00:00,1944-08-20 00:00:00,1944-08-21 00:00:00,
511,1,1945-01-12 00:00:00,1945-01-13 00:00:00,1945-01-12 00:00:00,1945-01-13 00:00:00,
512,1,1945-01-13 00:00:00,1945-01-14 00:00:00,1945-01-13 00:00:00,1945-01-14 00:00:00,
513,1,1945-01-14 00:00:00,1945-01-15 00:00:00,1945-01-14 00:00:00,1945-01-15 00:00:00,
514,1,1945-01-15 00:00:00,1945-01-16 00:00:00,1945-01-15 00:00:00,1945-01-16 00:00:00,
515,1,1945-04-16 00:00:00,1945-04-17 00:00:00,1945-04-16 00:00:00,1945-04-17 00:00:00,
516,1,1945-08-09 00:00:00,1945-08-10 00:00:00,1945-08-09 00:00:00,1945-08-10 00:00:00,
517,1,1943-11-20 09:10:00,1943-11-20 09:10:00,1943-11-20 09:10:00,1943-11-20 09:10:00,
517,2,1943-11-21 06:00:00,1943-11-21 06:00:00,1943-11-21 06:00:00,1943-11-21 06:00:00,
517,3,1943-11-22 08:00:00,1943-11-22 08:00:00,1943-11-22 08:00:00,1943-11-22 08:00:00,
517,4,1943-11-23 08:00:00,1943-11-23 08:00:00,1943-11-23 08:00:00,1943-11-23 08:00:00,
518,1,1945-02-20 00:00:00,1945-02-21 00:00:00,1945-02-20 00:00:00,1945-02-21 00:00:00,
519,1,1945-02-20 00:00:00,1945-02-21 00:00:00,1945-02-20 00:00:00,1945-02-21 00:00:00,
520,1,1945-03-11 00:00:00,1945-03-12 00:00:00,1945-03-11 00:00:00,1945-03-12 00:00:00,
521,1,1945-04-02 00:00:00,1945-04-03 00:00:00,1945-04-02 00:00:00,1945-04-03 00:00:00,
522,1,1945-04-05 00:00:00,1945-04-06 00:00:00,1945-04-05 00:00:00,1945-04-06 00:00:00,
523,1,1945-04-09 00:00:00,1945-04-10 00:00:00,1945-04-09 00:00:00,1945-04-10 00:00:00,
524,1,1945-04-19 00:00:00,1945-04-20 00:00:00,1945-04-19 00:00:00,1945-04-20 00:00:00,
525,1,1945-04-25 00:00:00,1945-04-26 00:00:00,1945-04-25 00:00:00,1945-04-26 00:00:00,
526,1,1945-04-28 00:00:00,1945-04-29 00:00:00,1945-04-28 00:00:00,1945-04-29 00:00:00,
527,1,1945-04-30 00:00:00,1945-05-01 00:00:00,1945-04-30 00:00:00,1945-05-01 00:00:00,
528,1,1945-05-04 00:00:00,1945-05-05 00:00:00,1945-05-04 00:00:00,1945-05-05 00:00:00,
529,1,1945-05-06 00:00:00,1945-05-07 00:00:00,1945-05-06 00:00:00,1945-05-07 00:00:00,
530,1,1945-05-22 00:00:00,1945-05-23 00:00:00,1945-05-22 00:00:00,1945-05-23 00:00:00,
531,1,1945-05-24 00:00:00,1945-05-25 00:00:00,1945-05-24 00:00:00,1945-05-25 00:00:00,
532,1,1945-05-26 00:00:00,1945-05-27 00:00:00,1945-05-26 00:00:00,1945-05-27 00:00:00,
533,1,1945-05-29 00:00:00,1945-05-30 00:00:00,1945-05-29 00:00:00,1945-05-30 00:00:00,
534,1,1945-06-06 00:00:00,1945-06-07 00:00:00,1945-06-06 00:00:00,1945-06-07 00:00:00,
535,1,1945-06-09 00:00:00,1945-06-10 00:00:00,1945-06-09 00:00:00,1945-06-10 00:00:00,
536,1,1945-06-12 00:00:00,1945-06-13 00:00:00,1945-06-12 00:00:00,1945-06-13 00:00:00,
537,1,1945-06-15 00:00:00,1945-06-16 00:00:00,1945-06-15 00:00:00,1945-06-16 00:00:00,
538,1,1945-04-02 00:00:00,1945-04-03 00:00:00,1945-04-02 00:00:00,1945-04-03 00:00:00,
539,1,1945-04-05 00:00:00,1945-04-06 00:00:00,1945-04-05 00:00:00,1945-04-06 00:00:00,
540,1,1945-04-09 00:00:00,1945-04-10 00:00:00,1945-04-09 00:00:00,1945-04-10 00:00:00,
541,1,1945-04-19 00:00:00,1945-04-20 00:00:00,1945-04-19 00:00:00,1945-04-20 00:00:00,
542,1,1945-04-26 00:00:00,1945-04-27 00:00:00,1945-04-26 00:00:00,1945-04-27 00:00:00,
543,1,1945-05-11 00:00:00,1945-05-12 00:00:00,1945-05-11 00:00:00,1945-05-12 00:00:00,
544,1,1945-05-14 00:00:00,1945-05-15 00:00:00,1945-05-14 00:00:00,1945-05-15 00:00:00,
545,1,1945-05-20 00:00:00,1945-05-21 00:00:00,1945-05-20 00:00:00,1945-05-21 00:00:00,
546,1,1945-06-06 00:00:00,1945-06-07 00:00:00,1945-06-06 00:00:00,1945-06-07 00:00:00,
547,1,1945-06-10 00:00:00,1945-06-11 00:00:00,1945-06-10 00:00:00,1945-06-11 00:00:00,
548,1,1945-06-12 00:00:00,1945-06-13 00:00:00,1945-06-12 00:00:00,1945-06-13 00:00:00,
549,1,1967-06-05 15:00:00,1967-06-05 15:00:00,1967-06-05 15:00:00,1967-06-05 15:00:00,
549,2,1967-06-06 03:00:00,1967-06-06 03:00:00,1967-06-06 03:00:00,1967-06-06 03:00:00,
550,1,1967-06-05 16:00:00,1967-06-05 16:00:00,1967-06-05 16:00:00,1967-06-05 16:00:00,
550,2,1967-06-06 02:20:00,1967-06-06 02:20:00,1967-06-06 02:20:00,1967-06-06 02:20:00,
550,3,1967-06-06 18:00:00,1967-06-06 18:00:00,1967-06-06 18:00:00,1967-06-06 18:00:00,
550,4,1967-06-07 07:00:00,1967-06-07 07:00:00,1967-06-07 07:00:00,1967-06-07 07:00:00,
551,1,1967-06-06 06:00:00,1967-06-06 06:00:00,1967-06-06 06:00:00,1967-06-06 06:00:00,
551,2,1967-06-07 05:00:00,1967-06-07 05:00:00,1967-06-07 05:00:00,1967-06-07 05:00:00,
552,1,1967-06-06 10:15:00,1967-06-06 10:15:00,1967-06-06 10:15:00,1967-06-06 10:15:00,
552,2,1967-06-07 01:00:00,1967-06-07 01:00:00,1967-06-07 01:00:00,1967-06-07 01:00:00,
553,1,1967-06-07 12:30:00,1967-06-07 12:30:00,1967-06-07 12:30:00,1967-06-07 12:30:00,
554,1,1967-06-05 08:15:00,1967-06-05 08:15:00,1967-06-05 08:15:00,1967-06-05 08:15:00,
554,2,1967-06-05 20:30:00,1967-06-05 20:30:00,1967-06-05 20:30:00,1967-06-05 20:30:00,
555,1,1967-06-05 21:00:00,1967-06-05 21:00:00,1967-06-05 21:00:00,1967-06-05 21:00:00,
556,1,1967-06-05 20:00:00,1967-06-05 20:00:00,1967-06-05 20:00:00,1967-06-05 20:00:00,
557,1,1967-06-05 20:00:00,1967-06-05 20:00:00,1967-06-05 20:00:00,1967-06-05 20:00:00,
558,1,1967-06-06 19:00:00,1967-06-06 19:00:00,1967-06-06 19:00:00,1967-06-06 19:00:00,
559,1,1967-06-05 08:15:00,1967-06-05 08:15:00,1967-06-05 08:15:00,1967-06-05 08:15:00,
559,2,1967-06-06 05:00:00,1967-06-06 05:00:00,1967-06-06 05:00:00,1967-06-06 05:00:00,
559,3,1967-06-07 05:00:00,1967-06-07 05:00:00,1967-06-07 05:00:00,1967-06-07 05:00:00,
560,1,1967-06-07 05:15:00,1967-06-07 05:15:00,1967-06-07 05:15:00,1967-06-07 05:15:00,
560,2,1967-06-07 17:00:00,1967-06-07 17:00:00,1967-06-07 17:00:00,1967-06-07 17:00:00,
561,1,1967-06-07 18:00:00,1967-06-07 18:00:00,1967-06-07 18:00:00,1967-06-07 18:00:00,
562,1,1967-06-07 17:00:00,1967-06-07 17:00:00,1967-06-07 17:00:00,1967-06-07 17:00:00,
563,1,1967-06-08 10:00:00,1967-06-08 10:00:00,1967-06-08 10:00:00,1967-06-08 10:00:00,
564,1,1967-06-08 00:30:00,1967-06-08 00:30:00,1967-06-08 00:30:00,1967-06-08 00:30:00,
565,1,1967-06-09 11:30:00,1967-06-09 11:30:00,1967-06-09 11:30:00,1967-06-09 11:30:00,
566,1,1967-06-09 20:00:00,1967-06-09 20:00:00,1967-06-09 20:00:00,1967-06-09 20:00:00,
567,1,1967-06-09 11:30:00,1967-06-09 11:30:00,1967-06-09 11:30:00,1967-06-09 11:30:00,
568,1,1968-03-21 05:30:00,1968-03-21 05:30:00,1968-03-21 05:30:00,1968-03-21 05:30:00,
569,1,1973-10-06 14:05:00,1973-10-06 14:05:00,1973-10-06 14:05:00,1973-10-06 14:05:00,
570,1,1973-10-06 14:05:00,1973-10-06 14:05:00,1973-10-06 14:05:00,1973-10-06 14:05:00,
571,1,1973-10-07 00:30:00,1973-10-07 00:30:00,1973-10-07 00:30:00,1973-10-07 00:30:00,
572,1,1973-10-07 00:30:00,1973-10-07 00:30:00,1973-10-07 00:30:00,1973-10-07 00:30:00,
573,1,1973-10-08 08:00:00,1973-10-08 08:00:00,1973-10-08 08:00:00,1973-10-08 08:00:00,
574,1,1973-10-14 06:30:00,1973-10-14 06:30:00,1973-10-14 06:30:00,1973-10-14 06:30:00,
575,1,1973-10-14 06:30:00,1973-10-14 06:30:00,1973-10-14 06:30:00,1973-10-14 06:30:00,
576,1,1973-10-15 17:00:00,1973-10-15 17:00:00,1973-10-15 17:00:00,1973-10-15 17:00:00,
577,1,1973-10-16 12:00:00,1973-10-16 12:00:00,1973-10-16 12:00:00,1973-10-16 12:00:00,
577,2,1973-10-16 14:00:00,1973-10-16 14:00:00,1973-10-16 14:00:00,1973-10-16 14:00:00,
577,3,1973-10-17 02:30:00,1973-10-17 02:30:00,1973-10-17 02:30:00,1973-10-17 02:30:00,
578,1,1973-10-18 05:45:00,1973-10-18 05:45:00,1973-10-18 05:45:00,1973-10-18 05:45:00,
579,1,1973-10-19 06:00:00,1973-10-19 06:00:00,1973-10-19 06:00:00,1973-10-19 06:00:00,
579,2,1973-10-20 06:00:00,1973-10-20 06:00:00,1973-10-20 06:00:00,1973-10-20 06:00:00,
579,3,1973-10-21 06:00:00,1973-10-21 06:00:00,1973-10-21 06:00:00,1973-10-21 06:00:00,
579,4,1973-10-22 06:00:00,1973-10-22 06:00:00,1973-10-22 06:00:00,1973-10-22 06:00:00,
580,1,1973-10-19 06:30:00,1973-10-19 06:30:00,1973-10-19 06:30:00,1973-10-19 06:30:00,
580,2,1973-10-20 07:30:00,1973-10-20 07:30:00,1973-10-20 07:30:00,1973-10-20 07:30:00,
580,3,1973-10-21 06:00:00,1973-10-21 06:00:00,1973-10-21 06:00:00,1973-10-21 06:00:00,
581,1,1973-10-22 05:00:00,1973-10-22 05:00:00,1973-10-22 05:00:00,1973-10-22 05:00:00,
582,1,1973-10-23 06:30:00,1973-10-23 06:30:00,1973-10-23 06:30:00,1973-10-23 06:30:00,
582,2,1973-10-24 05:20:00,1973-10-24 05:20:00,1973-10-24 05:20:00,1973-10-24 05:20:00,
583,1,1973-10-23 15:00:00,1973-10-23 15:00:00,1973-10-23 15:00:00,1973-10-23 15:00:00,
583,2,1973-10-24 05:20:00,1973-10-24 05:20:00,1973-10-24 05:20:00,1973-10-24 05:20:00,
584,1,1973-10-23 00:00:00,1973-10-24 00:00:00,1973-10-23 00:00:00,1973-10-24 00:00:00,
585,1,1973-10-06 00:00:00,1973-10-07 00:00:00,1973-10-06 00:00:00,1973-10-07 00:00:00,
586,1,1973-10-06 14:05:00,1973-10-06 14:05:00,1973-10-06 14:05:00,1973-10-06 14:05:00,
586,2,1973-10-07 08:00:00,1973-10-07 08:00:00,1973-10-07 08:00:00,1973-10-07 08:00:00,
586,3,1973-10-07 22:00:00,1973-10-07 22:00:00,1973-10-07 22:00:00,1973-10-07 22:00:00,
587,1,1973-10-06 14:05:00,1973-10-06 14:05:00,1973-10-06 14:05:00,1973-10-06 14:05:00,
588,1,1973-10-07 00:00:00,1973-10-08 00:00:00,1973-10-07 00:00:00,1973-10-08 00:00:00,
589,1,1973-10-07 13:15:00,1973-10-07 13:15:00,1973-10-07 13:15:00,1973-10-07 13:15:00,
589,2,1973-10-08 06:00:00,1973-10-08 06:00:00,1973-10-08 06:00:00,1973-10-08 06:00:00,
590,1,1973-10-08 00:00:00,1973-10-09 00:00:00,1973-10-08 00:00:00,1973-10-09 00:00:00,
591,1,1973-10-08 06:00:00,1973-10-08 06:00:00,1973-10-08 06:00:00,1973-10-08 06:00:00,
591,2,1973-10-09 06:00:00,1973-10-09 06:00:00,1973-10-09 06:00:00,1973-10-09 06:00:00,
591,3,1973-10-10 06:00:00,1973-10-10 06:00:00,1973-10-10 06:00:00,1973-10-10 06:00:00,
592,1,1973-10-08 00:00:00,1973-10-09 00:00:00,1973-10-08 00:00:00,1973-10-09 00:00:00,
593,1,1973-10-08 00:00:00,1973-10-09 00:00:00,1973-10-08 00:00:00,1973-10-09 00:00:00,
594,1,1973-10-11 11:00:00,1973-10-11 11:00:00,1973-10-11 11:00:00,1973-10-11 11:00:00,
594,2,1973-10-12 11:00:00,1973-10-12 11:00:00,1973-10-12 11:00:00,1973-10-12 11:00:00,
594,3,1973-10-13 16:30:00,1973-10-13 16:30:00,1973-10-13 16:30:00,1973-10-13 16:30:00,
595,1,1973-10-11 00:00:00,1973-10-12 00:00:00,1973-10-11 00:00:00,1973-10-12 00:00:00,
596,1,1973-10-13 03:00:00,1973-10-13 03:00:00,1973-10-13 03:00:00,1973-10-13 03:00:00,
597,1,1973-10-15 16:00:00,1973-10-15 16:00:00,1973-10-15 16:00:00,1973-10-15 16:00:00,
598,1,1973-10-16 05:00:00,1973-10-16 05:00:00,1973-10-16 05:00:00,1973-10-16 05:00:00,
598,2,1973-10-16 10:00:00,1973-10-16 10:00:00,1973-10-16 10:00:00,1973-10-16 10:00:00,
599,1,1973-10-19 06:00:00,1973-10-19 06:00:00,1973-10-19 06:00:00,1973-10-19 06:00:00,
600,1,1973-10-21 14:00:00,1973-10-21 14:00:00,1973-10-21 14:00:00,1973-10-21 14:00:00,
601,1,1973-10-22 00:00:00,1973-10-23 00:00:00,1973-10-22 00:00:00,1973-10-23 00:00:00,
602,1,1943-02-14 00:00:00,1943-02-15 00:00:00,1943-02-14 00:00:00,1943-02-15 00:00:00,
603,1,1943-02-15 00:00:00,1943-02-16 00:00:00,1943-02-15 00:00:00,1943-02-16 00:00:00,
604,1,1943-02-19 00:00:00,1943-02-20 00:00:00,1943-02-19 00:00:00,1943-02-20 00:00:00,
605,1,1944-01-20 00:00:00,1944-01-21 00:00:00,1944-01-20 00:00:00,1944-01-21 00:00:00,
606,1,1944-01-21 00:00:00,1944-01-22 00:00:00,1944-01-21 00:00:00,1944-01-22 00:00:00,
607,1,1944-01-20 00:00:00,1944-01-21 00:00:00,1944-01-20 00:00:00,1944-01-21 00:00:00,
608,1,1944-01-21 00:00:00,1944-01-22 00:00:00,1944-01-21 00:00:00,1944-01-22 00:00:00,
609,1,1944-02-16 00:00:00,1944-02-17 00:00:00,1944-02-16 00:00:00,1944-02-17 00:00:00,
610,1,1944-02-16 00:00:00,1944-02-17 00:00:00,1944-02-16 00:00:00,1944-02-17 00:00:00,
611,1,1944-02-16 00:00:00,1944-02-17 00:00:00,1944-02-16 00:00:00,1944-02-17 00:00:00,
612,1,1944-08-07 00:00:00,1944-08-08 00:00:00,1944-08-07 00:00:00,1944-08-08 00:00:00,
613,1,1944-08-07 00:00:00,1944-08-08 00:00:00,1944-08-07 00:00:00,1944-08-08 00:00:00,
614,1,1944-11-02 00:00:00,1944-11-03 00:00:00,1944-11-02 00:00:00,1944-11-03 00:00:00,
615,1,1944-11-02 00:00:00,1944-11-03 00:00:00,1944-11-02 00:00:00,1944-11-03 00:00:00,
616,1,1944-11-02 00:00:00,1944-11-03 00:00:00,1944-11-02 00:00:00,1944-11-03 00:00:00,
617,1,1944-12-13 00:00:00,1944-12-14 00:00:00,1944-12-13 00:00:00,1944-12-14 00:00:00,
618,1,1944-12-17 00:00:00,1944-12-18 00:00:00,1944-12-17 00:00:00,1944-12-18 00:00:00,
619,1,1944-12-17 00:00:00,1944-12-18 00:00:00,1944-12-17 00:00:00,1944-12-18 00:00:00,
620,1,1944-12-16 00:00:00,1944-12-17 00:00:00,1944-12-16 00:00:00,1944-12-17 00:00:00,
621,1,1944-12-16 00:00:00,1944-12-17 00:00:00,1944-12-16 00:00:00,1944-12-17 00:00:00,
622,1,1944-12-16 00:00:00,1944-12-17 00:00:00,1944-12-16 00:00:00,1944-12-17 00:00:00,
623,1,1944-12-16 00:00:00,1944-12-17 00:00:00,1944-12-16 00:00:00,1944-12-17 00:00:00,
624,1,1944-12-16 00:00:00,1944-12-17 00:00:00,1944-12-16 00:00:00,1944-12-17 00:00:00,
625,1,1944-12-16 00:00:00,1944-12-17 00:00:00,1944-12-16 00:00:00,1944-12-17 00:00:00,
626,1,1950-09-16 00:00:00,1950-09-17 00:00:00,1950-09-16 00:00:00,1950-09-17 00:00:00,36
627,1,1950-09-18 00:00:00,1950-09-19 00:00:00,1950-09-18 00:00:00,1950-09-19 00:00:00,
628,1,1950-09-22 00:00:00,1950-09-23 00:00:00,1950-09-22 00:00:00,1950-09-23 00:00:00,
629,1,1950-09-25 00:00:00,1950-09-26 00:00:00,1950-09-25 00:00:00,1950-09-26 00:00:00,
630,1,1951-02-07 00:00:00,1951-02-08 00:00:00,1951-02-07 00:00:00,1951-02-08 00:00:00,
631,1,1951-03-07 00:00:00,1951-03-08 00:00:00,1951-03-07 00:00:00,1951-03-08 00:00:00,
632,1,1951-04-03 00:00:00,1951-04-04 00:00:00,1951-04-03 00:00:00,1951-04-04 00:00:00,
633,1,1951-04-20 00:00:00,1951-04-21 00:00:00,1951-04-20 00:00:00,1951-04-21 00:00:00,
634,1,1951-04-23 00:00:00,1951-04-24 00:00:00,1951-04-23 00:00:00,1951-04-24 00:00:00,
635,1,1951-06-01 00:00:00,1951-06-02 00:00:00,1951-06-01 00:00:00,1951-06-02 00:00:00,
636,1,1951-06-03 00:00:00,1951-06-04 00:00:00,1951-06-03 00:00:00,1951-06-04 00:00:00,
637,1,1944-05-01 00:00:00,1944-05-02 00:00:00,1944-05-01 00:00:00,1944-05-02 00:00:00,
638,1,1948-06-06 00:00:00,1948-06-07 00:00:00,1948-06-06 00:00:00,1948-06-07 00:00:00,
639,1,1948-07-09 00:00:00,1948-07-10 00:00:00,1948-07-09 00:00:00,1948-07-10 00:00:00,
640,1,1948-10-28 00:00:00,1948-10-29 00:00:00,1948-10-28 00:00:00,1948-10-29 00:00:00,
641,1,1967-06-10 00:00:00,1967-06-11 00:00:00,1967-06-10 00:00:00,1967-06-11 00:00:00,
642,1,1967-06-10 00:00:00,1967-06-11 00:00:00,1967-06-10 00:00:00,1967-06-11 00:00:00,
643,1,1967-06-10 00:00:00,1967-06-11 00:00:00,1967-06-10 00:00:00,1967-06-11 00:00:00,
644,1,1944-05-03 00:00:00,1944-05-04 00:00:00,1944-05-03 00:00:00,1944-05-04 00:00:00,
645,1,1982-06-08 00:00:00,1982-06-09 00:00:00,1982-06-08 00:00:00,1982-06-09 00:00:00,
646,1,1948-05-13 00:00:00,1948-05-14 00:00:00,1948-05-13 00:00:00,1948-05-14 00:00:00,
647,1,1948-07-14 00:00:00,1948-07-15 00:00:00,1948-07-14 00:00:00,1948-07-15 00:00:00,
648,1,1948-12-25 00:00:00,1948-12-26 00:00:00,1948-12-25 00:00:00,1948-12-26 00:00:00,
649,1,1948-12-28 00:00:00,1948-12-29 00:00:00,1948-12-28 00:00:00,1948-12-29 00:00:00,
650,1,1956-10-30 00:00:00,1956-10-31 00:00:00,1956-10-30 00:00:00,1956-10-31 00:00:00,
651,1,1956-11-01 00:00:00,1956-11-02 00:00:00,1956-11-01 00:00:00,1956-11-02 00:00:00,
652,1,1956-11-01 00:00:00,1956-11-02 00:00:00,1956-11-01 00:00:00,1956-11-02 00:00:00,
653,1,1956-11-02 00:00:00,1956-11-03 00:00:00,1956-11-02 00:00:00,1956-11-03 00:00:00,20
654,1,1972-03-30 00:00:00,1972-03-31 00:00:00,1972-03-30 00:00:00,1972-03-31 00:00:00,
655,1,1948-04-21 00:00:00,1948-04-22 00:00:00,1948-04-21 00:00:00,1948-04-22 00:00:00,
656,1,1948-07-09 00:00:00,1948-07-10 00:00:00,1948-07-09 00:00:00,1948-07-10 00:00:00,
657,1,1940-05-10 00:00:00,1940-05-11 00:00:00,1940-05-10 00:00:00,1940-05-11 00:00:00,
658,1,1940-05-13 00:00:00,1940-05-14 00:00:00,1940-05-13 00:00:00,1940-05-14 00:00:00,
659,1,1940-05-21 00:00:00,1940-05-22 00:00:00,1940-05-21 00:00:00,1940-05-22 00:00:00,
660,1,1940-06-01 00:00:00,1940-06-02 00:00:00,1940-06-01 00:00:00,1940-06-02 00:00:00,
